scaffold	query	start	end	query_start	query_end	strand	color	target_len	query_len	dist_upstream	dist_downstream	dist_end_start	dist_end_end	embedded
chr1	chr1	104518	4687461	187054	4672313	+	#F8C66F	4582943	4485259		52423			
chr1	chr1	4739884	32682609	4722311	32709574	+	#F8C66F	27942725	27987263	52423	111116	52423	27995148	False
chr1	chr1	32793725	59833430	32709574	60036431	+	#F8C66F	27039705	27326857	111116	3164	111116	27150821	False
chr1	chr1	59836594	60013782	60036431	60214369	-	#F8C66F	177188	177938	3164	3913	3164	180352	False
chr1	chr1	60017695	60251561	60216528	60449268	-	#F8C66F	233866	232740	3913	2327	3913	237779	False
chr1	chr1	60253888	106495799	60449278	106921494	+	#F8C66F	46241911	46472216	2327	51173	2327	46244238	False
chr1	chr1	106546972	173055957	107028496	173681552	+	#F8C66F	66508985	66653056	51173	0	51173	66560158	False
chr1	chr1	173055957	173111646	173716706	173779204	-	#F8C66F	55689	62498	0	-4146	0	55689	False
chr1	chr1	173107500	185325061	173779204	186054762	+	#F8C66F	12217561	12275558	-4146	18	-4146	12213415	False
chr1	chr1	185325079	185541564	186055278	186265937	-	#F8C66F	216485	210659	18	210	18	216503	False
chr1	chr1	185541774	186224011	186266449	186948126	+	#F8C66F	682237	681677	210	200039	210	682447	False
chr1	chr1	186424050	187756550	186954644	188295630	+	#F8C66F	1332500	1340986	200039	9	200039	1532539	False
chr1	chr1	187756559	188137435	188296182	188677079	-	#F8C66F	380876	380897	9	-2	9	380885	False
chr1	chr1	188137433	188198379	188677079	188738667	+	#F8C66F	60946	61588	-2	10870	-2	60944	False
chr1	chr1	188209249	188282272	188757168	188830265	-	#F8C66F	73023	73097	10870	25047	10870	83893	False
chr1	chr1	188307319	188567791	189134365	189385830	-	#F8C66F	260472	251465	25047	193	25047	285519	False
chr1	chr1	188567984	188672451	188830868	188935994	+	#F8C66F	104467	105126	193	50644	193	104660	False
chr1	chr1	188723095	188851896	188942683	189063112	+	#F8C66F	128801	120429	50644	29891	50644	179445	False
chr1	chr1	188881787	190656607	189386715	191155733	+	#F8C66F	1774820	1769018	29891	126447	29891	1804711	False
chr1	chr1	190783054	192822776	191156284	193190003	+	#F8C66F	2039722	2033719	126447	409	126447	2166169	False
chr1	chr1	192823185	201432642	193334062	201892531	+	#F8C66F	8609457	8558469	409	0	409	8609866	False
chr1	chr1	201432642	201494502	201892538	201951162	-	#F8C66F	61860	58624	0	7	0	61860	False
chr1	chr1	201494509	202694569	201951162	203160773	+	#F8C66F	1200060	1209611	7		7	1200067	False
chr10	chr10'	4255	19318644	0	19337152	+	#00FFFF	19314389	19337152		-75354			
chr10	chr10'	19243290	19383367	19342167	19451174	+	#00FFFF	140077	109007	-75354	-43384	-75354	64723	False
chr10	chr10'	19339983	29958806	19467176	30064307	+	#00FFFF	10618823	10597131	-43384	88253	-43384	10575439	False
chr10	chr10'	30047059	57344006	30064307	57454170	+	#00FFFF	27296947	27389863	88253	80463	88253	27385200	False
chr10	chr10'	57424469	57638541	57502645	57709907	+	#00FFFF	214072	207262	80463	4543	80463	294535	False
chr10	chr10'	57643084	57751256	57710479	57829672	-	#00FFFF	108172	119193	4543	25	4543	112715	False
chr10	chr10'	57751281	58154207	57854776	58290449	+	#00FFFF	402926	435673	25	75815	25	402951	False
chr10	chr10'	58230022	58857937	58297290	58891360	+	#00FFFF	627915	594070	75815	60028	75815	703730	False
chr10	chr10'	58917965	60330334	58915174	60267534	+	#00FFFF	1412369	1352360	60028	40770	60028	1472397	False
chr10	chr10'	60371104	60593991	60384326	60615537	+	#00FFFF	222887	231211	40770	50801	40770	263657	False
chr10	chr10'	60644792	95868962	60702480	95994389	+	#00FFFF	35224170	35291909	50801	164967	50801	35274971	False
chr10	chr10'	96033929	96284101	96079983	96325068	+	#00FFFF	250172	245085	164967	61693	164967	415139	False
chr10	chr10'	96345794	97032401	96365226	97033637	+	#00FFFF	686607	668411	61693	-29179	61693	748300	False
chr10	chr10'	97003222	97094190	97092237	97155848	+	#00FFFF	90968	63611	-29179	-41518	-29179	61789	False
chr10	chr10'	97052672	97394780	97164589	97448398	+	#00FFFF	342108	283809	-41518	3922	-41518	300590	False
chr10	chr10'	97398702	97493196	97665167	97784021	-	#00FFFF	94494	118854	3922	25439	3922	98416	False
chr10	chr10'	97518635	97803023	97866348	98139165	+	#00FFFF	284388	272817	25439	49052	25439	309827	False
chr10	chr10'	97852075	98066962	98139775	98357728	-	#00FFFF	214887	217953	49052	5351	49052	263939	False
chr10	chr10'	98072313	98481383	98384483	98869319	+	#00FFFF	409070	484836	5351	211970	5351	414421	False
chr10	chr10'	98693353	100205657	98902775	100402258	+	#00FFFF	1512304	1499483	211970	69387	211970	1724274	False
chr10	chr10'	100275044	111960806	100417290	111942609	+	#00FFFF	11685762	11525319	69387		69387	11755149	False
chr11	chr11'	3101	1679228	46	1610216	+	#FA81C8	1676127	1610170		91762			
chr11	chr11'	1770990	35620473	1668212	35503583	+	#FA81C8	33849483	33835371	91762	0	91762	33941245	False
chr11	chr11'	35620473	35674606	35542230	35605607	-	#FA81C8	54133	63377	0	0	0	54133	False
chr11	chr11'	35674606	104602777	35605632	104510554	+	#FA81C8	68928171	68904922	0		0	68928171	False
chr12	chr12'	1	6485927	1	6485846	-	#04685D	6485926	6485845		691			
chr12	chr12'	6486618	44559564	6605384	44644353	+	#04685D	38072946	38038969	691	80147	691	38073637	False
chr12	chr12'	44639711	46409936	44644795	46500066	+	#04685D	1770225	1855271	80147	-37340	80147	1850372	False
chr12	chr12'	46372596	52530946	46501205	52683346	+	#04685D	6158350	6182141	-37340	65026	-37340	6121010	False
chr12	chr12'	52595972	85116190	52786051	85133116	+	#04685D	32520218	32347065	65026		65026	32585244	False
chr13	chr13	239	1013687	122	932340	+	#BC052A	1013448	932218		111291			
chr13	chr13	1124978	2768986	932340	2542797	+	#BC052A	1644008	1610457	111291	154510	111291	1755299	False
chr13	chr13	2923496	65876903	2542798	65510642	+	#BC052A	62953407	62967844	154510	-46673	154510	63107917	False
chr13	chr13	65830230	66666652	65548639	66456119	+	#BC052A	836422	907480	-46673	288740	-46673	789749	False
chr13	chr13	66955392	67103940	66645574	66808207	+	#BC052A	148548	162633	288740	64431	288740	437288	False
chr13	chr13	67168371	67320355	67091633	67189642	+	#BC052A	151984	98009	64431	4921	64431	216415	False
chr13	chr13	67325276	67700976	67265060	67584942	+	#BC052A	375700	319882	4921	52041	4921	380621	False
chr13	chr13	67753017	67907217	67584944	67730722	+	#BC052A	154200	145778	52041	302311	52041	206241	False
chr13	chr13	68209528	68260453	67794905	67847122	-	#BC052A	50925	52217	302311	368	302311	353236	False
chr13	chr13	68260821	89215525	67891512	88929808	+	#BC052A	20954704	21038296	368	214775	368	20955072	False
chr13	chr13	89430300	91323701	88995695	90888575	+	#BC052A	1893401	1892880	214775	7464	214775	2108176	False
chr13	chr13	91331165	92507274	91107302	92231050	+	#BC052A	1176109	1123748	7464		7464	1183573	False
chr14	chr14'	27940	3565510	138	3320943	+	#3600AC	3537570	3320805		50122			
chr14	chr14'	3615632	12483709	3371809	12245658	+	#3600AC	8868077	8873849	50122	33903	50122	8918199	False
chr14	chr14'	12517612	27073918	12210079	26898420	+	#3600AC	14556306	14688341	33903	165	33903	14590209	False
chr14	chr14'	27074083	36000323	26955998	35943603	+	#3600AC	8926240	8987605	165	31334	165	8926405	False
chr14	chr14'	36031657	60989067	36007338	60916434	+	#3600AC	24957410	24909096	31334	0	31334	24988744	False
chr14	chr14'	60989067	61876795	60994230	61950199	+	#3600AC	887728	955969	0	10142	0	887728	False
chr14	chr14'	61886937	61953058	61950199	62011072	-	#3600AC	66121	60873	10142	10134	10142	76263	False
chr14	chr14'	61963192	63979154	62011072	64038091	+	#3600AC	2015962	2027019	10134	-1605	10134	2026096	False
chr14	chr14'	63977549	64089246	64088484	64170518	-	#3600AC	111697	82034	-1605	106773	-1605	110092	False
chr14	chr14'	64196019	68031786	64165889	67985631	+	#3600AC	3835767	3819742	106773	71730	106773	3942540	False
chr14	chr14'	68103516	68282126	68276363	68481344	-	#3600AC	178610	204981	71730	173296	71730	250340	False
chr14	chr14'	68455422	68551419	68118553	68212677	+	#3600AC	95997	94124	173296	33763	173296	269293	False
chr14	chr14'	68585182	70143917	68511646	70092279	+	#3600AC	1558735	1580633	33763	95117	33763	1592498	False
chr14	chr14'	70239034	90040268	70183431	89884182	+	#3600AC	19801234	19700751	95117		95117	19896351	False
chr15	chr15	234	4043689	22809	3923571	+	#7FBF7F	4043455	3900762		0			
chr15	chr15	4043689	8768191	7596524	12359108	-	#7FBF7F	4724502	4762584	0	100528	0	4724502	False
chr15	chr15	8868719	12037867	4271212	7454396	-	#7FBF7F	3169148	3183184	100528	538	100528	3269676	False
chr15	chr15	12038405	12319846	3963786	4244457	+	#7FBF7F	281441	280671	538	17120	538	281979	False
chr15	chr15	12336966	13104308	12359739	13105355	+	#7FBF7F	767342	745616	17120	123834	17120	784462	False
chr15	chr15	13228142	53011703	13108625	52914592	+	#7FBF7F	39783561	39805967	123834	15	123834	39907395	False
chr15	chr15	53011718	59551624	52993667	59378870	+	#7FBF7F	6539906	6385203	15	70585	15	6539921	False
chr15	chr15	59622209	59722580	59389005	59487806	-	#7FBF7F	100371	98801	70585		70585	170956	False
chr16	chr16'	70	30912367	0	30749571	+	#FF7F00	30912297	30749571		-6227			
chr16	chr16'	30906140	31155836	30761721	30990210	-	#FF7F00	249696	228489	-6227	313	-6227	243469	False
chr16	chr16'	31156149	34381155	30994096	34226395	+	#FF7F00	3225006	3232299	313	75253	313	3225319	False
chr16	chr16'	34456408	43863425	34261934	43636561	+	#FF7F00	9407017	9374627	75253	154343	75253	9482270	False
chr16	chr16'	44017768	65080223	43818860	64926485	+	#FF7F00	21062455	21107625	154343	37742	154343	21216798	False
chr16	chr16'	65117965	67766256	64998428	67541439	+	#FF7F00	2648291	2543011	37742		37742	2686033	False
chr17	chr17'	86	2871076	2604	2766426	+	#007FFF	2870990	2763822		68086			
chr17	chr17'	2939162	3101988	2826796	2982903	+	#007FFF	162826	156107	68086	93992	68086	230912	False
chr17	chr17'	3195980	3706766	3016881	3592023	+	#007FFF	510786	575142	93992	62738	93992	604778	False
chr17	chr17'	3769504	3839739	3566991	3674396	+	#007FFF	70235	107405	62738	31815	62738	132973	False
chr17	chr17'	3871554	4195070	3951689	4210122	+	#007FFF	323516	258433	31815	92333	31815	355331	False
chr17	chr17'	4287403	4668704	4219432	4597597	+	#007FFF	381301	378165	92333	93489	92333	473634	False
chr17	chr17'	4762193	10824720	4597597	10642861	+	#007FFF	6062527	6045264	93489	-529	93489	6156016	False
chr17	chr17'	10824191	11407800	10692545	11269670	+	#007FFF	583609	577125	-529	0	-529	583080	False
chr17	chr17'	11407800	20236804	11339670	20200962	+	#007FFF	8829004	8861292	0	-643	0	8829004	False
chr17	chr17'	20236161	20293596	20304461	20386305	-	#007FFF	57435	81844	-643	89528	-643	56792	False
chr17	chr17'	20383124	20445095	20463644	20531304	+	#007FFF	61971	67660	89528	10	89528	151499	False
chr17	chr17'	20445105	20555451	20526879	20638252	-	#007FFF	110346	111373	10	-3135	10	110356	False
chr17	chr17'	20552316	56236532	20638252	56302120	+	#007FFF	35684216	35663868	-3135	50603	-3135	35681081	False
chr17	chr17'	56287135	57599241	56350352	57615380	+	#007FFF	1312106	1265028	50603		50603	1362709	False
chr18	chr18	2961	9106135	54	9089828	+	#FF00FF	9103174	9089774		54287			
chr18	chr18	9160422	9296134	9111730	9256097	+	#FF00FF	135712	144367	54287	74771	54287	189999	False
chr18	chr18	9370905	15861299	9260262	15736526	+	#FF00FF	6490394	6476264	74771	191464	74771	6565165	False
chr18	chr18	16052763	18387925	15802080	18220716	+	#FF00FF	2335162	2418636	191464	495	191464	2526626	False
chr18	chr18	18388420	22788484	18302577	22772238	+	#FF00FF	4400064	4469661	495	19685	495	4400559	False
chr18	chr18	22808169	22978793	22788917	22956737	-	#FF00FF	170624	167820	19685	13328	19685	190309	False
chr18	chr18	22992121	23944175	23015655	23972842	+	#FF00FF	952054	957187	13328	649	13328	965382	False
chr18	chr18	23944824	36802954	24197064	36965045	+	#FF00FF	12858130	12767981	649	16	649	12858779	False
chr18	chr18	36802970	39137524	37064328	39269184	+	#FF00FF	2334554	2204856	16	0	16	2334570	False
chr18	chr18	39137524	39190701	39397254	39451049	+	#FF00FF	53177	53795	0		0	53177	False
chr2	chr2'	2	40937723	2611	40946917	+	#FC307A	40937721	40944306		63238			
chr2	chr2'	41000961	45689021	40946917	45621332	+	#FC307A	4688060	4674415	63238	-41146	63238	4751298	False
chr2	chr2'	45647875	45780634	45546676	45673913	-	#FC307A	132759	127237	-41146	-91485	-41146	91613	False
chr2	chr2'	45689149	58636854	45801239	58802650	+	#FC307A	12947705	13001411	-91485	-48702	-91485	12856220	False
chr2	chr2'	58588152	65995209	58802650	66181996	+	#FC307A	7407057	7379346	-48702	0	-48702	7358355	False
chr2	chr2'	65995209	82638989	66289392	82978049	+	#FC307A	16643780	16688657	0	152923	0	16643780	False
chr2	chr2'	82791912	83033786	82996301	83219953	+	#FC307A	241874	223652	152923	61768	152923	394797	False
chr2	chr2'	83095554	98653286	83268397	98848851	+	#FC307A	15557732	15580454	61768	0	61768	15619500	False
chr2	chr2'	98653286	98712847	98888921	98957456	-	#FC307A	59561	68535	0	0	0	59561	False
chr2	chr2'	98712847	147316431	98958216	147758569	+	#FC307A	48603584	48800353	0	-1582	0	48603584	False
chr2	chr2'	147314849	147535833	147756861	147964355	-	#FC307A	220984	207494	-1582	-113	-1582	219402	False
chr2	chr2'	147535720	156900642	147964355	157339960	+	#FC307A	9364922	9375605	-113	120	-113	9364809	False
chr2	chr2'	156900762	161121472	157420248	161614506	+	#FC307A	4220710	4194258	120	130065	120	4220830	False
chr2	chr2'	161251537	168254076	161649699	168653557	+	#FC307A	7002539	7003858	130065	25045	130065	7132604	False
chr2	chr2'	168279121	168355388	168669969	168747516	-	#FC307A	76267	77547	25045	0	25045	101312	False
chr2	chr2'	168355388	196501377	168740389	197033543	+	#FC307A	28145989	28293154	0	5188	0	28145989	False
chr2	chr2'	196506565	196560638	197064903	197122284	-	#FC307A	54073	57381	5188	0	5188	59261	False
chr2	chr2'	196560638	204120051	197133967	204662572	+	#FC307A	7559413	7528605	0	87832	0	7559413	False
chr2	chr2'	204207883	204956369	204662764	205412315	+	#FC307A	748486	749551	87832	96972	87832	836318	False
chr2	chr2'	205053341	205206651	205614388	205735522	+	#FC307A	153310	121134	96972	21232	96972	250282	False
chr2	chr2'	205227883	205634128	205687617	206046668	+	#FC307A	406245	359051	21232	59451	21232	427477	False
chr2	chr2'	205693579	205776726	206101690	206189527	+	#FC307A	83147	87837	59451	26514	59451	142598	False
chr2	chr2'	205803240	205955533	206302891	206453249	+	#FC307A	152293	150358	26514	111118	26514	178807	False
chr2	chr2'	206066651	206175401	206548716	206656627	+	#FC307A	108750	107911	111118	12978	111118	219868	False
chr2	chr2'	206188379	209695442	206799613	210293777	+	#FC307A	3507063	3494164	12978	59447	12978	3520041	False
chr2	chr2'	209754889	216269190	210348834	216797690	+	#FC307A	6514301	6448856	59447	104185	59447	6573748	False
chr2	chr2'	216373375	216428896	216797690	216853604	+	#FC307A	55521	55914	104185		104185	159706	False
chr3	chr3	8137	41005597	0	41039582	+	#7FFF00	40997460	41039582		50016			
chr3	chr3	41055613	41146114	41034687	41115678	-	#7FFF00	90501	80991	50016	-4899	50016	140517	False
chr3	chr3	41141215	62572210	41127045	62755670	+	#7FFF00	21430995	21628625	-4899	149259	-4899	21426096	False
chr3	chr3	62721469	68125520	62758861	68170901	+	#7FFF00	5404051	5412040	149259	101821	149259	5553310	False
chr3	chr3	68227341	80127749	68170908	80142275	+	#7FFF00	11900408	11971367	101821	54287	101821	12002229	False
chr3	chr3	80182036	81085808	80154958	81063702	+	#7FFF00	903772	908744	54287	217081	54287	958059	False
chr3	chr3	81302889	82477947	81063702	82185426	+	#7FFF00	1175058	1121724	217081	105987	217081	1392139	False
chr3	chr3	82583934	83458125	82205250	83106751	+	#7FFF00	874191	901501	105987	68050	105987	980178	False
chr3	chr3	83526175	117119295	83107650	116908652	+	#7FFF00	33593120	33801002	68050	91464	68050	33661170	False
chr3	chr3	117210759	135542462	116908652	135287407	+	#7FFF00	18331703	18378755	91464	151336	91464	18423167	False
chr3	chr3	135693798	138148857	135287407	137713752	+	#7FFF00	2455059	2426345	151336	218822	151336	2606395	False
chr3	chr3	138367679	142812866	137713752	142191265	+	#7FFF00	4445187	4477513	218822	97930	218822	4664009	False
chr3	chr3	142910796	157423784	142191265	156795114	+	#7FFF00	14512988	14603849	97930	69761	97930	14610918	False
chr3	chr3	157493545	170751848	156795114	170044572	+	#7FFF00	13258303	13249458	69761	33373	69761	13328064	False
chr3	chr3	170785221	170839316	170044572	170098585	-	#7FFF00	54095	54013	33373	3388	33373	87468	False
chr3	chr3	170842704	174045815	170098585	173307555	+	#7FFF00	3203111	3208970	3388	146949	3388	3206499	False
chr3	chr3	174192764	179234305	173307583	178351851	+	#7FFF00	5041541	5044268	146949	105845	146949	5188490	False
chr3	chr3	179340150	195015583	178352366	194045661	+	#7FFF00	15675433	15693295	105845		105845	15781278	False
chr4	chr4'	0	7729232	0	7581848	+	#8F5B6C	7729232	7581848		160429			
chr4	chr4'	7889661	51035297	7581848	50837998	+	#8F5B6C	43145636	43256150	160429	63467	160429	43306065	False
chr4	chr4'	51098764	51163653	50837998	50902716	+	#8F5B6C	64889	64718	63467	54145	63467	128356	False
chr4	chr4'	51217798	63925245	50902716	63604469	+	#8F5B6C	12707447	12701753	54145	100345	54145	12761592	False
chr4	chr4'	64025590	64128216	63747262	63854668	+	#8F5B6C	102626	107406	100345	148459	100345	202971	False
chr4	chr4'	64276675	64348354	63870773	63932294	-	#8F5B6C	71679	61521	148459	656	148459	220138	False
chr4	chr4'	64349010	64422289	63696139	63886053	+	#8F5B6C	73279	189914	656	58766	656	73935	False
chr4	chr4'	64481055	75575496	63960484	75125406	+	#8F5B6C	11094441	11164922	58766	111588	58766	11153207	False
chr4	chr4'	75687084	80588760	75125406	80053275	+	#8F5B6C	4901676	4927869	111588	63376	111588	5013264	False
chr4	chr4'	80652136	80743613	80108766	80209111	+	#8F5B6C	91477	100345	63376	71147	63376	154853	False
chr4	chr4'	80814760	80907683	80206414	80298348	-	#8F5B6C	92923	91934	71147	-2699	71147	164070	False
chr4	chr4'	80904984	83211110	80299355	82654902	+	#8F5B6C	2306126	2355547	-2699	222677	-2699	2303427	False
chr4	chr4'	83433787	87050431	82697103	86327278	+	#8F5B6C	3616644	3630175	222677	347	222677	3839321	False
chr4	chr4'	87050778	87112424	86326788	86389080	-	#8F5B6C	61646	62292	347	5318	347	61993	False
chr4	chr4'	87117742	88681155	86389081	87931126	+	#8F5B6C	1563413	1542045	5318	-91013	5318	1568731	False
chr4	chr4'	88590142	88992197	87956971	88296949	+	#8F5B6C	402055	339978	-91013	65921	-91013	311042	False
chr4	chr4'	89058118	90770980	88317023	90006105	+	#8F5B6C	1712862	1689082	65921	63	65921	1778783	False
chr4	chr4'	90771043	90836526	90006105	90061849	-	#8F5B6C	65483	55744	63	37731	63	65546	False
chr4	chr4'	90874257	99358527	90060744	98666541	+	#8F5B6C	8484270	8605797	37731	60048	37731	8522001	False
chr4	chr4'	99418575	104278919	98712568	103653497	+	#8F5B6C	4860344	4940929	60048	111136	60048	4920392	False
chr4	chr4'	104390055	117114873	103657828	116484327	+	#8F5B6C	12724818	12826499	111136	176448	111136	12835954	False
chr4	chr4'	117291321	120247011	116484327	119457638	+	#8F5B6C	2955690	2973311	176448	169522	176448	3132138	False
chr4	chr4'	120416533	150526618	119457638	149579767	+	#8F5B6C	30110085	30122129	169522	15378	169522	30279607	False
chr4	chr4'	150541996	190997902	149636058	189971901	+	#8F5B6C	40455906	40335843	15378		15378	40471284	False
chr5	chr5	33525	765381	73169	754707	+	#88E1FE	731856	681538		201828			
chr5	chr5	967209	1140726	835040	1001909	+	#88E1FE	173517	166869	201828	65156	201828	375345	False
chr5	chr5	1205882	1676968	1057902	1505403	+	#88E1FE	471086	447501	65156	116592	65156	536242	False
chr5	chr5	1793560	2231542	1549512	2042887	+	#88E1FE	437982	493375	116592	10449	116592	554574	False
chr5	chr5	2241991	2926737	2134647	2761743	+	#88E1FE	684746	627096	10449	-41405	10449	695195	False
chr5	chr5	2885332	3094719	2830652	3023576	+	#88E1FE	209387	192924	-41405	5046	-41405	167982	False
chr5	chr5	3099765	3176122	3134071	3214513	+	#88E1FE	76357	80442	5046	91594	5046	81403	False
chr5	chr5	3267716	3610963	3286125	3602383	+	#88E1FE	343247	316258	91594	4	91594	434841	False
chr5	chr5	3610967	3790032	3909064	4086581	-	#88E1FE	179065	177517	4	-42386	4	179069	False
chr5	chr5	3747646	4126343	3602402	3909064	-	#88E1FE	378697	306662	-42386	2	-42386	336311	False
chr5	chr5	4126345	4496100	4086581	4462061	+	#88E1FE	369755	375480	2	171901	2	369757	False
chr5	chr5	4668001	5315367	4462561	5084675	+	#88E1FE	647366	622114	171901	61745	171901	819267	False
chr5	chr5	5377112	5456252	5126413	5200798	+	#88E1FE	79140	74385	61745	3623	61745	140885	False
chr5	chr5	5459875	6282021	5259664	6065648	+	#88E1FE	822146	805984	3623	24890	3623	825769	False
chr5	chr5	6306911	6441171	6046897	6166352	+	#88E1FE	134260	119455	24890	82122	24890	159150	False
chr5	chr5	6523293	7645607	6225537	7376050	+	#88E1FE	1122314	1150513	82122	74834	82122	1204436	False
chr5	chr5	7720441	45728196	7393729	45476847	+	#88E1FE	38007755	38083118	74834	2383	74834	38082589	False
chr5	chr5	45730579	45781124	45476847	45565087	-	#88E1FE	50545	88240	2383	912	2383	52928	False
chr5	chr5	45782036	46261211	45565087	46052580	+	#88E1FE	479175	487493	912	0	912	480087	False
chr5	chr5	46261211	73700985	46213768	73723702	+	#88E1FE	27439774	27509934	0	1255	0	27439774	False
chr5	chr5	73702240	73757782	73723705	73779484	-	#88E1FE	55542	55779	1255	10645	1255	56797	False
chr5	chr5	73768427	76733040	73779486	76750643	+	#88E1FE	2964613	2971157	10645	100269	10645	2975258	False
chr5	chr5	76833309	76886664	76828783	76890770	+	#88E1FE	53355	61987	100269	1300	100269	153624	False
chr5	chr5	76887964	77058898	76976892	77153750	+	#88E1FE	170934	176858	1300	85422	1300	172234	False
chr5	chr5	77144320	154445693	77154167	154543657	+	#88E1FE	77301373	77389490	85422		85422	77386795	False
chr6	chr6	46373	16584543	79	16487684	+	#9143FA	16538170	16487605		98481			
chr6	chr6	16683024	27223638	16624236	27193509	+	#9143FA	10540614	10569273	98481	58077	98481	10639095	False
chr6	chr6	27281715	53221923	27193509	53232287	+	#9143FA	25940208	26038778	58077	8020	58077	25998285	False
chr6	chr6	53229943	82526238	53293044	82660491	+	#9143FA	29296295	29367447	8020	60015	8020	29304315	False
chr6	chr6	82586253	85963946	82737373	86089841	+	#9143FA	3377693	3352468	60015	114501	60015	3437708	False
chr6	chr6	86078447	89424621	86089845	89445330	+	#9143FA	3346174	3355485	114501	167242	114501	3460675	False
chr6	chr6	89591863	118857910	89529902	118853874	+	#9143FA	29266047	29323972	167242	295485	167242	29433289	False
chr6	chr6	119153395	119386500	118948074	119181762	+	#9143FA	233105	233688	295485	299693	295485	528590	False
chr6	chr6	119686193	123483116	119256600	123050093	+	#9143FA	3796923	3793493	299693	99659	299693	4096616	False
chr6	chr6	123582775	147319800	123050891	146861577	+	#9143FA	23737025	23810686	99659	60126	99659	23836684	False
chr6	chr6	147379926	147793978	146909664	147310750	+	#9143FA	414052	401086	60126		60126	474178	False
chr7	chr7	252877	361925	183509	293597	+	#4FA101	109048	110088		59572			
chr7	chr7	421497	692244	322727	627942	+	#4FA101	270747	305215	59572	-16932	59572	330319	False
chr7	chr7	675312	743211	803917	921478	+	#4FA101	67899	117561	-16932	19426	-16932	50967	False
chr7	chr7	762637	863321	670728	778173	+	#4FA101	100684	107445	19426	18741	19426	120110	False
chr7	chr7	882062	1018261	1008615	1124453	-	#4FA101	136199	115838	18741	42971	18741	154940	False
chr7	chr7	1061232	12902106	1171260	12935692	+	#4FA101	11840874	11764432	42971	71983	42971	11883845	False
chr7	chr7	12974089	34204398	12981075	34157479	+	#4FA101	21230309	21176404	71983	54236	71983	21302292	False
chr7	chr7	34258634	69164611	34202500	69252071	+	#4FA101	34905977	35049571	54236	4864	54236	34960213	False
chr7	chr7	69169475	69260522	69252337	69347452	-	#4FA101	91047	95115	4864	70791	4864	95911	False
chr7	chr7	69331313	73708417	69347452	73722735	+	#4FA101	4377104	4375283	70791	56313	70791	4447895	False
chr7	chr7	73764730	73819415	73816100	73881333	-	#4FA101	54685	65233	56313	658	56313	110998	False
chr7	chr7	73820073	92876706	73978525	93080380	+	#4FA101	19056633	19101855	658	230092	658	19057291	False
chr7	chr7	93106798	94750390	93499035	95308280	+	#4FA101	1643592	1809245	230092	35039	230092	1873684	False
chr7	chr7	94785429	94864780	95393150	95454587	+	#4FA101	79351	61437	35039	-55324	35039	114390	False
chr7	chr7	94809456	94925361	95322373	95434434	+	#4FA101	115905	112061	-55324	176987	-55324	60581	False
chr7	chr7	95102348	95675611	95618623	96196767	+	#4FA101	573263	578144	176987	10285	176987	750250	False
chr7	chr7	95685896	121084656	96252256	121748606	+	#4FA101	25398760	25496350	10285	970	10285	25409045	False
chr7	chr7	121085626	121209333	121750799	121895978	-	#4FA101	123707	145179	970	116	970	124677	False
chr7	chr7	121209449	121403898	121896009	122089441	+	#4FA101	194449	193432	116	62503	116	194565	False
chr7	chr7	121466401	121617684	122089441	122255335	+	#4FA101	151283	165894	62503	98062	62503	213786	False
chr7	chr7	121715746	122386389	122255336	122971526	+	#4FA101	670643	716190	98062	135808	98062	768705	False
chr7	chr7	122522197	144088725	123062977	144636885	+	#4FA101	21566528	21573908	135808		135808	21702336	False
chr8	chr8	5137	12442469	60	12311002	+	#00FF7F	12437332	12310942		90336			
chr8	chr8	12532805	12852829	12404315	12739501	+	#00FF7F	320024	335186	90336	505	90336	410360	False
chr8	chr8	12853334	27960345	12678791	27868116	+	#00FF7F	15107011	15189325	505	3765	505	15107516	False
chr8	chr8	27964110	44867452	28007282	44991470	+	#00FF7F	16903342	16984188	3765	8058	3765	16907107	False
chr8	chr8	44875510	48816674	45055546	48971992	+	#00FF7F	3941164	3916446	8058	191720	8058	3949222	False
chr8	chr8	49008394	49186389	49000476	49174539	+	#00FF7F	177995	174063	191720	60063	191720	369715	False
chr8	chr8	49246452	49992444	49179349	49942640	+	#00FF7F	745992	763291	60063	69705	60063	806055	False
chr8	chr8	50062149	52334790	50189714	52456038	+	#00FF7F	2272641	2266324	69705	75434	69705	2342346	False
chr8	chr8	52410224	65847442	52456039	65927439	+	#00FF7F	13437218	13471400	75434	100001	75434	13512652	False
chr8	chr8	65947443	100450741	65943721	100528530	+	#00FF7F	34503298	34584809	100001	269412	100001	34603299	False
chr8	chr8	100720153	100894719	100862093	101050829	+	#00FF7F	174566	188736	269412	47211	269412	443978	False
chr8	chr8	100941930	116843345	101154796	117129052	+	#00FF7F	15901415	15974256	47211	85121	47211	15948626	False
chr8	chr8	116928466	138178256	117157096	138359515	+	#00FF7F	21249790	21202419	85121		85121	21334911	False
chr9	chr9	0	12397859	6896	12344726	+	#FFFF00	12397859	12337830		62179			
chr9	chr9	12460038	26157257	12449965	26195837	+	#FFFF00	13697219	13745872	62179	102894	62179	13759398	False
chr9	chr9	26260151	42250327	26195837	42223866	+	#FFFF00	15990176	16028029	102894	1500	102894	16093070	False
chr9	chr9	42251827	42487802	42295649	42529149	-	#FFFF00	235975	233500	1500	-5024	1500	237475	False
chr9	chr9	42482778	42608398	42547306	42687721	-	#FFFF00	125620	140415	-5024	36785	-5024	120596	False
chr9	chr9	42645183	49073439	42697066	49135066	+	#FFFF00	6428256	6438000	36785	51476	36785	6465041	False
chr9	chr9	49124915	49354023	49173739	49438133	+	#FFFF00	229108	264394	51476	39843	51476	280584	False
chr9	chr9	49393866	49446669	49480174	49545387	-	#FFFF00	52803	65213	39843	510	39843	92646	False
chr9	chr9	49447179	49628574	49568467	49734253	+	#FFFF00	181395	165786	510	-47347	510	181905	False
chr9	chr9	49581227	49674886	50064198	50189378	+	#FFFF00	93659	125180	-47347	-5993	-47347	46312	False
chr9	chr9	49668893	49947078	49813743	50091456	+	#FFFF00	278185	277713	-5993	3028	-5993	272192	False
chr9	chr9	49950106	50253770	50285342	50546607	+	#FFFF00	303664	261265	3028	-70214	3028	306692	False
chr9	chr9	50183556	53137380	50586753	53523835	+	#FFFF00	2953824	2937082	-70214	52375	-70214	2883610	False
chr9	chr9	53189755	56126670	53523835	56430513	+	#FFFF00	2936915	2906678	52375	47169	52375	2989290	False
chr9	chr9	56173839	67097570	56490633	67526199	+	#FFFF00	10923731	11035566	47169	9904	47169	10970900	False
chr9	chr9	67107474	67167967	67567329	67634389	-	#FFFF00	60493	67060	9904	0	9904	70397	False
chr9	chr9	67167967	67293552	67634389	67759943	+	#FFFF00	125585	125554	0	90543	0	125585	False
chr9	chr9	67384095	85230040	67764979	85668877	+	#FFFF00	17845945	17903898	90543	100818	90543	17936488	False
chr9	chr9	85330858	85541800	85687731	85933717	+	#FFFF00	210942	245986	100818	119574	100818	311760	False
chr9	chr9	85661374	85861938	86065425	86237991	+	#FFFF00	200564	172566	119574	99244	119574	320138	False
chr9	chr9	85961182	86044930	86300426	86385014	+	#FFFF00	83748	84588	99244	61930	99244	182992	False
chr9	chr9	86106860	87086111	86385019	87377603	+	#FFFF00	979251	992584	61930	-117291	61930	1041181	False
chr9	chr9	86968820	127870803	87379371	128409414	+	#FFFF00	40901983	41030043	-117291	11357	-117291	40784692	False
chr9	chr9	127882160	139572864	128489915	140028035	+	#FFFF00	11690704	11538120	11357		11357	11702061	False
chrX	chrX	0	966182	2223	965450	+	#00FF00	966182	963227		84251			
chrX	chrX	1050433	2185665	1028039	2033781	+	#00FF00	1135232	1005742	84251	298	84251	1219483	False
chrX	chrX	2185963	2385349	2119906	2322779	+	#00FF00	199386	202873	298	55005	298	199684	False
chrX	chrX	2440354	4735963	2325899	4605240	+	#00FF00	2295609	2279341	55005	49	55005	2350614	False
chrX	chrX	4736012	4881105	4605240	4780044	-	#00FF00	145093	174804	49	-36477	49	145142	False
chrX	chrX	4844628	7715096	4779529	7688076	+	#00FF00	2870468	2908547	-36477	1681	-36477	2833991	False
chrX	chrX	7716777	8199040	7738597	8223510	+	#00FF00	482263	484913	1681	77178	1681	483944	False
chrX	chrX	8276218	15867893	8259510	15829850	+	#00FF00	7591675	7570340	77178	127816	77178	7668853	False
chrX	chrX	15995709	21891916	15913589	21871509	+	#00FF00	5896207	5957920	127816	90011	127816	6024023	False
chrX	chrX	21981927	22128936	21894792	22027811	-	#00FF00	147009	133019	90011	48014	90011	237020	False
chrX	chrX	22176950	22758015	22077464	22662863	+	#00FF00	581065	585399	48014	10015	48014	629079	False
chrX	chrX	22768030	24265384	22779459	24248590	+	#00FF00	1497354	1469131	10015	50224	10015	1507369	False
chrX	chrX	24315608	27670487	24303868	27614702	+	#00FF00	3354879	3310834	50224	56160	50224	3405103	False
chrX	chrX	27726647	29641200	27664804	29611680	+	#00FF00	1914553	1946876	56160	-678	56160	1970713	False
chrX	chrX	29640522	29713233	29610637	29683403	-	#00FF00	72711	72766	-678	-15646	-678	72033	False
chrX	chrX	29697587	32976605	29661153	32975300	+	#00FF00	3279018	3314147	-15646	100604	-15646	3263372	False
chrX	chrX	33077209	33133133	32994078	33050193	+	#00FF00	55924	56115	100604	55091	100604	156528	False
chrX	chrX	33188224	44190525	33050266	44041351	+	#00FF00	11002301	10991085	55091	1	55091	11057392	False
chrX	chrX	44190526	44250707	44046490	44106159	-	#00FF00	60181	59669	1	48995	1	60182	False
chrX	chrX	44299702	44703333	44200724	44607151	+	#00FF00	403631	406427	48995	16	48995	452626	False
chrX	chrX	44703349	44819068	44666259	44790041	+	#00FF00	115719	123782	16	20365	16	115735	False
chrX	chrX	44839433	44899300	44855367	44912866	-	#00FF00	59867	57499	20365	40177	20365	80232	False
chrX	chrX	44939477	45205779	44916469	45175868	+	#00FF00	266302	259399	40177	5897	40177	306479	False
chrX	chrX	45211676	47749388	45230878	47786945	+	#00FF00	2537712	2556067	5897	58089	5897	2543609	False
chrX	chrX	47807477	50192534	47847910	50318993	+	#00FF00	2385057	2471083	58089	3494	58089	2443146	False
chrX	chrX	50196028	52299647	50389085	52555272	+	#00FF00	2103619	2166187	3494	202562	3494	2107113	False
chrX	chrX	52502209	53506015	52555272	53549870	+	#00FF00	1003806	994598	202562	56694	202562	1206368	False
chrX	chrX	53562709	54294432	53549870	54298547	+	#00FF00	731723	748677	56694	950	56694	788417	False
chrX	chrX	54295382	54375072	54298547	54371822	-	#00FF00	79690	73275	950	45205	950	80640	False
chrX	chrX	54420277	55411978	54371822	55348798	+	#00FF00	991701	976976	45205	65603	45205	1036906	False
chrX	chrX	55477581	58437936	55348798	58333979	+	#00FF00	2960355	2985181	65603	0	65603	3025958	False
chrX	chrX	58437936	62411342	58454140	62599642	+	#00FF00	3973406	4145502	0	98879	0	3973406	False
chrX	chrX	62510221	63728623	62653350	63897042	+	#00FF00	1218402	1243692	98879	35280	98879	1317281	False
chrX	chrX	63763903	66023688	63954264	66282576	+	#00FF00	2259785	2328312	35280	-383	35280	2295065	False
chrX	chrX	66023305	66197528	66282164	66431246	-	#00FF00	174223	149082	-383	48429	-383	173840	False
chrX	chrX	66245957	66306230	66483310	66548868	-	#00FF00	60273	65558	48429	6	48429	108702	False
chrX	chrX	66306236	71154933	66589280	71518047	+	#00FF00	4848697	4928767	6	506	6	4848703	False
chrX	chrX	71155439	72178859	71569298	72615315	+	#00FF00	1023420	1046017	506	64424	506	1023926	False
chrX	chrX	72243283	72324195	72691206	72767860	+	#00FF00	80912	76654	64424	10207	64424	145336	False
chrX	chrX	72334402	74273790	72818841	74802190	+	#00FF00	1939388	1983349	10207	559	10207	1949595	False
chrX	chrX	74274349	74878595	74918996	75598485	+	#00FF00	604246	679489	559	0	559	604805	False
chrX	chrX	74878595	74945254	75668415	75736176	+	#00FF00	66659	67761	0	49545	0	66659	False
chrX	chrX	74994799	75047980	75830807	75885308	+	#00FF00	53181	54501	49545	-587	49545	102726	False
chrX	chrX	75047393	75224511	75882985	76053156	-	#00FF00	177118	170171	-587	144407	-587	176531	False
chrX	chrX	75368918	75504108	76126720	76287470	-	#00FF00	135190	160750	144407	758	144407	279597	False
chrX	chrX	75504866	76033868	76336319	76885428	+	#00FF00	529002	549109	758	32852	758	529760	False
chrX	chrX	76066720	77017146	76938144	77876149	+	#00FF00	950426	938005	32852	129622	32852	983278	False
chrX	chrX	77146768	78535284	78027579	79412552	+	#00FF00	1388516	1384973	129622	101715	129622	1518138	False
chrX	chrX	78636999	79253986	79491434	80103403	+	#00FF00	616987	611969	101715	4439	101715	718702	False
chrX	chrX	79258425	79413997	80175968	80321490	+	#00FF00	155572	145522	4439	29015	4439	160011	False
chrX	chrX	79443012	79508008	80328541	80403763	-	#00FF00	64996	75222	29015	15421	29015	94011	False
chrX	chrX	79523429	82611901	80375724	83584638	+	#00FF00	3088472	3208914	15421	0	15421	3103893	False
chrX	chrX	82611901	83624885	83671483	84682796	+	#00FF00	1012984	1011313	0	0	0	1012984	False
chrX	chrX	83624885	101425103	84839466	102676044	+	#00FF00	17800218	17836578	0	80957	0	17800218	False
chrX	chrX	101506060	123489032	102676044	124590380	+	#00FF00	21982972	21914336	80957		80957	22063929	False
