scaffold	start	end	query	query_start	query_end	strand	color	length_column
chr1	57	35953241	chr1'	48905	35713543	+	#F8C66F	203952124
chr1	4663349	4759859	chr12	12547132	12646415	-	#7FBF7F	56725979
chr1	36057323	40134893	chr1'	35713547	39778031	+	#F8C66F	203952124
chr1	40142839	59833430	chr1'	39855892	59957062	+	#F8C66F	203952124
chr1	59836594	60013782	chr1'	59957062	60132282	-	#F8C66F	203952124
chr1	60019051	60251561	chr1'	60134439	60369363	-	#F8C66F	203952124
chr1	60254621	106495799	chr1'	60369363	107561138	+	#F8C66F	203952124
chr1	106547871	117431175	chr1'	107657797	118720949	+	#F8C66F	203952124
chr1	117570385	119425720	chr1'	118720949	120585879	+	#F8C66F	203952124
chr1	119563617	167446182	chr1'	120596485	168721398	+	#F8C66F	203952124
chr1	167496188	190678538	chr1'	168722115	191937529	+	#F8C66F	203952124
chr1	190672362	190728013	chr1'	191961056	192030920	-	#F8C66F	203952124
chr1	190783059	192823180	chr1'	192063049	194115936	+	#F8C66F	203952124
chr1	192823185	201432627	chr1'	194273419	202706842	+	#F8C66F	203952124
chr1	201433305	201493822	chr1'	202706842	202763249	-	#F8C66F	203952124
chr1	201495682	202694540	chr1'	202763249	203945475	+	#F8C66F	203952124
chr10	45251	16565824	chr10	9705	16384821	+	#00FFFF	110930755
chr10	16619941	19385744	chr10	16384821	19010978	+	#00FFFF	110930755
chr10	19438291	25566633	chr10	19069405	25148675	+	#00FFFF	110930755
chr10	25658535	29714241	chr10	25148675	29274406	+	#00FFFF	110930755
chr10	29677425	29757773	chr10	29594480	29689294	+	#00FFFF	110930755
chr10	29824037	39065557	chr10	29697293	39085468	+	#00FFFF	110930755
chr10	38897802	39063161	chr8	48043161	48189550	-	#00FF7F	135435256
chr10	39125185	39437822	chr10	39093149	39421798	+	#00FFFF	110930755
chr10	39327409	39547101	chr8	48200695	48384387	+	#00FF7F	135435256
chr10	39590734	57344005	chr10	39438659	57305036	+	#00FFFF	110930755
chr10	57414023	58032988	chr10	57370463	58004087	+	#00FFFF	110930755
chr10	58091060	58449814	chr10	58018396	58438685	+	#00FFFF	110930755
chr10	58503944	58867875	chr10	58439218	58810235	+	#00FFFF	110930755
chr10	58918188	60593991	chr10	58829018	60418148	+	#00FFFF	110930755
chr10	60645280	95870779	chr10	60520724	95888279	+	#00FFFF	110930755
chr10	95971813	96248392	chr10	95897576	96197807	+	#00FFFF	110930755
chr10	96112652	96240072	chr10	96466433	96568263	+	#00FFFF	110930755
chr10	96332956	96390549	chr10	96512437	96577896	+	#00FFFF	110930755
chr10	96345142	96498535	chr10	96119230	96267007	+	#00FFFF	110930755
chr10	96366197	97267589	chr10	96342158	97263130	+	#00FFFF	110930755
chr10	97055863	97394780	chr10	97215551	97442843	+	#00FFFF	110930755
chr10	97161564	97316306	chr10	97094829	97223107	+	#00FFFF	110930755
chr10	97395272	97493196	chr10	97583741	97710126	-	#00FFFF	110930755
chr10	97429072	97486414	chr10	97566775	97645082	+	#00FFFF	110930755
chr10	97429072	97563549	chr10	97409457	97596159	-	#00FFFF	110930755
chr10	97526303	100233095	chr10	97736988	100428403	+	#00FFFF	110930755
chr10	100315669	101216850	chr10	100450508	101351048	+	#00FFFF	110930755
chr10	101269649	102275268	chr10	101355925	102331883	+	#00FFFF	110930755
chr10	102275283	104181187	chr10	102395484	104232667	+	#00FFFF	110930755
chr10	104236355	104807634	chr10	104252679	104743000	+	#00FFFF	110930755
chr10	104878226	107240871	chr10	104743505	107005906	+	#00FFFF	110930755
chr10	107324076	107930106	chr10	107006334	107605590	+	#00FFFF	110930755
chr10	107930141	108186877	chr10	107621862	107827691	-	#00FFFF	110930755
chr10	108260730	108812025	chr10	107828204	108336620	+	#00FFFF	110930755
chr10	108867180	109412396	chr10	108336936	108830996	+	#00FFFF	110930755
chr10	109551223	110596564	chr10	108830996	109740819	+	#00FFFF	110930755
chr10	110795419	111960806	chr10	109941318	110921697	+	#00FFFF	110930755
chr11	23	61734	chr11	1	62172	-	#FA81C8	103802917
chr11	137547	826800	chr11	64770	664701	+	#FA81C8	103802917
chr11	928807	1681281	chr11	665103	1318660	+	#FA81C8	103802917
chr11	1770990	2245350	chr11	1410473	1821760	+	#FA81C8	103802917
chr11	2311729	2393911	chr11	1822271	1906244	-	#FA81C8	103802917
chr11	2427539	3201127	chr11	1906798	2598669	+	#FA81C8	103802917
chr11	3288350	11156532	chr11	2598670	10464821	+	#FA81C8	103802917
chr11	11218058	20684101	chr11	10465325	19828975	+	#FA81C8	103802917
chr11	20780500	23976997	chr11	19829078	23029317	+	#FA81C8	103802917
chr11	24049009	37410483	chr11	23029333	36551525	+	#FA81C8	103802917
chr11	37469511	90772433	chr11	36551525	90163436	+	#FA81C8	103802917
chr11	90895454	104602777	chr11	90173383	103735248	+	#FA81C8	103802917
chr12	1	6485067	chr13	0	6524038	-	#04685D	84214708
chr12	6486825	8240202	chr13	6649980	8431822	+	#04685D	84214708
chr12	8240202	8297509	chr13	8431822	8489421	-	#04685D	84214708
chr12	8297509	52530946	chr13	8495493	52874360	+	#04685D	84214708
chr12	46110648	46244107	chr13	46269418	46360837	+	#04685D	84214708
chr12	46134049	46274541	chr13	46568894	46699068	+	#04685D	84214708
chr12	46299060	46439126	chr13	46364623	46559254	+	#04685D	84214708
chr12	46306941	46382658	chr13	46281392	46360498	+	#04685D	84214708
chr12	52595972	81897661	chr13	52971576	81861210	+	#04685D	84214708
chr12	81998310	82090049	chr13	81878122	81970168	+	#04685D	84214708
chr12	82148925	82224141	chr13	81987968	82063152	+	#04685D	84214708
chr12	82280174	82517939	chr13	82063156	82292571	+	#04685D	84214708
chr12	82572952	83849672	chr13	82292576	83387534	+	#04685D	84214708
chr12	83933427	84238093	chr13	83387912	83648212	+	#04685D	84214708
chr12	84297539	84612901	chr13	83648212	83929990	+	#04685D	84214708
chr12	84849099	85119374	chr13	83950988	84214708	+	#04685D	84214708
chr13	19808	433959	chr15'	5	358106	+	#BC052A	90344018
chr13	487943	570823	chr15'	375363	459232	+	#BC052A	90344018
chr13	594764	728454	chr15'	459738	571079	-	#BC052A	90344018
chr13	788725	2158902	chr15'	571663	1825283	+	#BC052A	90344018
chr13	2217223	32835466	chr15'	1825793	32305184	+	#BC052A	90344018
chr13	32990677	35027916	chr15'	32305184	34330740	+	#BC052A	90344018
chr13	35204958	62471028	chr15'	34330744	61712752	+	#BC052A	90344018
chr13	62662808	63208095	chr15'	61749113	62287807	+	#BC052A	90344018
chr13	63292488	66066072	chr15'	62287868	64944351	+	#BC052A	90344018
chr13	66020919	66694110	chr15'	64946606	65520150	+	#BC052A	90344018
chr13	66686512	66900481	chr15'	65722602	65891145	+	#BC052A	90344018
chr13	66921471	67042568	chr15'	66003977	66159775	+	#BC052A	90344018
chr13	67015146	67291592	chr15'	66187166	66377257	+	#BC052A	90344018
chr13	67017872	67142116	chr15'	66408254	66491928	+	#BC052A	90344018
chr13	67139598	67289235	chr15'	66173020	66286312	+	#BC052A	90344018
chr13	67168371	67354502	chr15'	66400162	66562164	+	#BC052A	90344018
chr13	67332833	67384080	chr15'	67142108	67193410	+	#BC052A	90344018
chr13	67414634	67568468	chr15'	66685627	66793322	+	#BC052A	90344018
chr13	67450219	67571810	chr15'	67193258	67293719	+	#BC052A	90344018
chr13	67450219	67683080	chr15'	66902981	67149904	+	#BC052A	90344018
chr13	67552303	67668044	chr15'	66595839	66672905	+	#BC052A	90344018
chr13	67684067	67736087	chr15'	66802849	66863350	+	#BC052A	90344018
chr13	67799980	67931012	chr15'	66697291	66771693	+	#BC052A	90344018
chr13	67799980	67953608	chr15'	67156979	67293719	+	#BC052A	90344018
chr13	67804237	67913897	chr15'	66874639	66974833	+	#BC052A	90344018
chr13	68208451	70717381	chr15'	67398959	69760848	+	#BC052A	90344018
chr13	70822340	74983681	chr15'	69763013	73756139	+	#BC052A	90344018
chr13	75059599	76148503	chr15'	73756504	74782976	+	#BC052A	90344018
chr13	76098977	81003926	chr15'	74837001	79621608	+	#BC052A	90344018
chr13	81058456	85344143	chr15'	79621608	83793000	+	#BC052A	90344018
chr13	85413342	86102877	chr15'	83793127	84457971	+	#BC052A	90344018
chr13	86161497	89215525	chr15'	84476756	87364335	+	#BC052A	90344018
chr13	89430220	91328206	chr15'	87453261	89207887	+	#BC052A	90344018
chr13	91331517	91650891	chr15'	89336497	89625098	+	#BC052A	90344018
chr13	91705363	92498454	chr15'	89625274	90343966	+	#BC052A	90344018
chr14	30364	1083341	chr14	8617	897494	+	#3600AC	88609765
chr14	1113377	3565510	chr14	899254	3013829	-	#3600AC	88609765
chr14	3614665	12478021	chr14	3015004	11686366	+	#3600AC	88609765
chr14	12509743	27073907	chr14	11665112	26121166	+	#3600AC	88609765
chr14	27074129	36469653	chr14	26171451	35622829	+	#3600AC	88609765
chr14	36638130	36742514	chr14	35642277	35716748	+	#3600AC	88609765
chr14	36808839	40801487	chr14	35716748	39767287	+	#3600AC	88609765
chr14	40908950	43099751	chr14	39767287	41960462	+	#3600AC	88609765
chr14	43152799	45254525	chr14	41960464	44033532	+	#3600AC	88609765
chr14	45321025	47298842	chr14	44033532	46009725	+	#3600AC	88609765
chr14	47299201	60989067	chr14	46100552	59958337	+	#3600AC	88609765
chr14	60989506	61876795	chr14	60032909	60981178	+	#3600AC	88609765
chr14	61886937	61953058	chr14	60981178	61043292	-	#3600AC	88609765
chr14	61963192	64021229	chr14	61043292	63097550	+	#3600AC	88609765
chr14	64037203	64098986	chr14	63097581	63149367	-	#3600AC	88609765
chr14	64210235	66869187	chr14	63149894	65810325	+	#3600AC	88609765
chr14	66959527	68099277	chr14	65810326	66837583	+	#3600AC	88609765
chr14	68099811	70153808	chr14	67343654	69307319	+	#3600AC	88609765
chr14	68539219	68620097	chr14	67766394	67826578	-	#3600AC	88609765
chr14	68717727	68791766	chr14	66855439	66917244	+	#3600AC	88609765
chr14	70239034	86443844	chr14	69309934	85376555	+	#3600AC	88609765
chr14	86496271	88224535	chr14	85377067	86999530	+	#3600AC	88609765
chr14	88303844	90065694	chr14	86999530	88609765	+	#3600AC	88609765
chr14	89932792	90020023	chr7	42300274	42375216	+	#FFFF00	137436349
chr15	1	452662	chr12	213410	616388	+	#7FBF7F	56725979
chr15	604757	704833	chr12	638943	727368	+	#7FBF7F	56725979
chr15	758632	5285989	chr12	752429	5016156	+	#7FBF7F	56725979
chr15	5366396	7902094	chr12	5016156	7515126	+	#7FBF7F	56725979
chr15	7954570	8768191	chr12	7515147	8320468	+	#7FBF7F	56725979
chr15	8910741	9090154	chr12	8428190	8626292	+	#7FBF7F	56725979
chr15	9141404	12328873	chr12	8626292	11613435	+	#7FBF7F	56725979
chr15	12334904	13098713	chr12	11721726	12475808	+	#7FBF7F	56725979
chr15	12873298	13052783	chr12	13272715	13420448	+	#7FBF7F	56725979
chr15	13160563	13225725	chr12	12982224	13046484	+	#7FBF7F	56725979
chr15	13311078	18896975	chr12	13164227	18667327	+	#7FBF7F	56725979
chr15	13314046	13377461	chr12	12475901	12528702	+	#7FBF7F	56725979
chr15	13418745	13580905	chr12	12252185	12440840	+	#7FBF7F	56725979
chr15	18959485	29839540	chr12	18667838	29499240	+	#7FBF7F	56725979
chr15	29896559	34257716	chr12	29499258	33800158	+	#7FBF7F	56725979
chr15	34314920	35494481	chr12	33800672	34935540	+	#7FBF7F	56725979
chr15	35550692	36245506	chr12	34935540	35606511	+	#7FBF7F	56725979
chr15	36319950	37550215	chr12	35607383	36751377	+	#7FBF7F	56725979
chr15	37635854	38695575	chr12	36751377	37728199	+	#7FBF7F	56725979
chr15	38844948	41036324	chr12	37728718	39793984	+	#7FBF7F	56725979
chr15	41120702	43677301	chr12	39793988	42279044	+	#7FBF7F	56725979
chr15	43745802	45948803	chr12	42279045	44460938	+	#7FBF7F	56725979
chr15	46031984	54726284	chr12	44461752	52712634	+	#7FBF7F	56725979
chr15	54814432	55830786	chr12	52713084	53652108	+	#7FBF7F	56725979
chr15	55882556	56752911	chr12	53681948	54507119	+	#7FBF7F	56725979
chr15	56859997	56950998	chr12	54538329	54629449	+	#7FBF7F	56725979
chr15	56998977	57072858	chr12	54629449	54702373	-	#7FBF7F	56725979
chr15	57120593	58652325	chr12	54702673	56005716	+	#7FBF7F	56725979
chr15	58731528	58849553	chr12	56056705	56153422	+	#7FBF7F	56725979
chr15	58933378	59432962	chr12	56205562	56652285	+	#7FBF7F	56725979
chr15	59483158	59551624	chr12	56652289	56725963	+	#7FBF7F	56725979
chr16	109	13264791	chr16	2	13120324	+	#FF7F00	66765662
chr16	13347010	19413089	chr16	13156876	19173763	+	#FF7F00	66765662
chr16	19499980	30906047	chr16	19174336	30553008	+	#FF7F00	66765662
chr16	31161774	34395794	chr16	30594690	33844345	+	#FF7F00	66765662
chr16	34414225	65116112	chr16	33798443	64196940	+	#FF7F00	66765662
chr16	43719148	43802066	chr16	43356696	43437671	+	#FF7F00	66765662
chr16	43967218	44019535	chr16	43064753	43138925	+	#FF7F00	66765662
chr16	44014384	44085199	chr16	43217710	43298312	+	#FF7F00	66765662
chr16	65030593	65102712	chr16	64237712	64291768	-	#FF7F00	66765662
chr16	65117965	65252765	chr16	64291373	64420911	+	#FF7F00	66765662
chr16	65317075	67763370	chr16	64421419	66763666	+	#FF7F00	66765662
chr17	24433	563532	chr17'	868	507474	+	#007FFF	54782293
chr17	718716	1016654	chr17'	507494	792704	+	#007FFF	54782293
chr17	1095041	1751059	chr17'	815501	1445042	+	#007FFF	54782293
chr17	1847530	3091274	chr17'	1445557	2521136	+	#007FFF	54782293
chr17	3187055	3703956	chr17'	2522951	2996593	+	#007FFF	54782293
chr17	3696510	3778215	chr17'	3264389	3322464	+	#007FFF	54782293
chr17	3709207	3818856	chr17'	3054149	3140183	+	#007FFF	54782293
chr17	3773326	3841541	chr17'	2984136	3043716	+	#007FFF	54782293
chr17	3811508	3897548	chr17'	3223789	3304406	-	#007FFF	54782293
chr17	3871554	4195096	chr17'	3347527	3659639	+	#007FFF	54782293
chr17	4286196	4675811	chr17'	3706187	4126207	+	#007FFF	54782293
chr17	4761920	7398081	chr17'	4156554	6698228	+	#007FFF	54782293
chr17	7398081	16521914	chr17'	6775276	15450797	+	#007FFF	54782293
chr17	16580807	17182990	chr17'	15451686	16061979	+	#007FFF	54782293
chr17	17249360	18134933	chr17'	16061979	16943944	+	#007FFF	54782293
chr17	18212293	20293596	chr17'	16943959	18955621	+	#007FFF	54782293
chr17	20166121	20234116	chr17'	19147873	19244247	-	#007FFF	54782293
chr17	20294810	20422682	chr17'	18950593	19082074	-	#007FFF	54782293
chr17	20405479	20458608	chr17'	19052131	19129487	-	#007FFF	54782293
chr17	20448524	20567791	chr17'	19138097	19278894	-	#007FFF	54782293
chr17	20480991	20554679	chr17'	18878529	18936810	+	#007FFF	54782293
chr17	20552316	24730761	chr17'	19281267	23277792	+	#007FFF	54782293
chr17	24783464	25957701	chr17'	23277792	24314654	+	#007FFF	54782293
chr17	26019524	30166237	chr17'	24314654	28408847	+	#007FFF	54782293
chr17	30236107	47877871	chr17'	28408847	45816943	+	#007FFF	54782293
chr17	45009360	45083752	chr17'	43091398	43157010	-	#007FFF	54782293
chr17	47958288	53586056	chr17'	45817451	51343784	+	#007FFF	54782293
chr17	53645040	53738760	chr17'	51344286	51421060	+	#007FFF	54782293
chr17	53795574	53874048	chr17'	51421584	51494275	+	#007FFF	54782293
chr17	53941234	54532922	chr17'	51494778	52057101	+	#007FFF	54782293
chr17	54559890	54748078	chr17'	52057595	52222642	-	#007FFF	54782293
chr17	54777090	56227008	chr17'	52223152	53479384	+	#007FFF	54782293
chr17	56295719	57606852	chr17'	53513420	54729503	+	#007FFF	54782293
chr18	25337	5680931	chr18	7049	5347190	+	#FF00FF	37269139
chr18	5686400	5740329	chr18	5347688	5401179	-	#FF00FF	37269139
chr18	5795295	8132960	chr18	5401581	7517346	+	#FF00FF	37269139
chr18	8254517	8442688	chr18	7544666	7729759	+	#FF00FF	37269139
chr18	8537123	9106135	chr18	7729761	8226750	+	#FF00FF	37269139
chr18	9160422	9296134	chr18	8241503	8367058	+	#FF00FF	37269139
chr18	9168027	9281465	chr18	8299857	8390722	+	#FF00FF	37269139
chr18	9356239	14655489	chr18	8390722	13485177	+	#FF00FF	37269139
chr18	14731949	15042411	chr18	13485396	13765930	+	#FF00FF	37269139
chr18	15057492	15200268	chr18	13766448	13892458	-	#FF00FF	37269139
chr18	15236222	15865556	chr18	13920083	14438614	+	#FF00FF	37269139
chr18	15982604	16041569	chr15'	41122205	41191681	+	#BC052A	90344018
chr18	16046493	16105622	chr18	14560613	14664721	-	#FF00FF	37269139
chr18	16105997	16357566	chr18	14686151	14959008	+	#FF00FF	37269139
chr18	16416970	18387925	chr18	15032385	16810878	+	#FF00FF	37269139
chr18	18388420	18825234	chr18	16893136	17322853	+	#FF00FF	37269139
chr18	18907473	22805482	chr18	17322853	21166501	+	#FF00FF	37269139
chr18	22808169	23002744	chr18	21177916	21358988	-	#FF00FF	37269139
chr18	22978142	23944175	chr18	21367506	22344607	+	#FF00FF	37269139
chr18	23965030	28461674	chr18	22398799	26884257	+	#FF00FF	37269139
chr18	28518766	34278642	chr18	26884257	32579729	+	#FF00FF	37269139
chr18	34348456	39137524	chr18	32579729	36963321	+	#FF00FF	37269139
chr2	74118	2196247	chr2'	0	1760827	+	#FC307A	214022600
chr2	2309342	2677832	chr2'	1787819	2115003	+	#FC307A	214022600
chr2	2710478	2855367	chr2'	2115505	2261903	-	#FC307A	214022600
chr2	2861834	3188385	chr2'	2262167	2539924	+	#FC307A	214022600
chr2	3250205	3435458	chr2'	2540420	2710140	+	#FC307A	214022600
chr2	3492318	7356606	chr2'	2710436	6412796	+	#FC307A	214022600
chr2	7425518	12666229	chr2'	6412809	11655775	+	#FC307A	214022600
chr2	12735247	16000310	chr2'	11655775	14936666	+	#FC307A	214022600
chr2	15791432	15881157	chr12	12781111	12836313	+	#7FBF7F	56725979
chr2	16071798	45689021	chr2'	14937123	45035243	+	#FC307A	214022600
chr2	45597431	45662016	chr2'	44931825	45022858	-	#FC307A	214022600
chr2	45616563	65995209	chr2'	45022493	65663928	+	#FC307A	214022600
chr2	45622772	45698136	chr2'	45104299	45199538	-	#FC307A	214022600
chr2	45705551	45793259	chr2'	44953840	45035243	-	#FC307A	214022600
chr2	58549618	58606860	chr2'	58158045	58214964	+	#FC307A	214022600
chr2	65995209	82638437	chr2'	65788404	82635542	+	#FC307A	214022600
chr2	66327577	66384664	chr2'	120551372	120609232	-	#FC307A	214022600
chr2	82782698	83034059	chr2'	82657507	82882463	+	#FC307A	214022600
chr2	83095554	116444459	chr2'	82931747	116305370	+	#FC307A	214022600
chr2	116499930	120897903	chr2'	116306144	120716585	+	#FC307A	214022600
chr2	120724853	120878777	chr2'	66046891	66197676	-	#FC307A	214022600
chr2	120900809	138834842	chr2'	120795700	138691394	+	#FC307A	214022600
chr2	138920292	140582013	chr2'	138691964	140372965	+	#FC307A	214022600
chr2	140645196	141948059	chr2'	140372965	141701650	+	#FC307A	214022600
chr2	142490674	147314796	chr2'	141704556	146563690	+	#FC307A	214022600
chr2	147316903	147532313	chr2'	146563690	146783983	-	#FC307A	214022600
chr2	147535827	156642786	chr2'	146783983	155948212	+	#FC307A	214022600
chr2	156740711	156896013	chr2'	156026466	156186098	+	#FC307A	214022600
chr2	156913042	161171019	chr2'	156259309	160355547	+	#FC307A	214022600
chr2	161252873	168276243	chr2'	160414550	167399043	+	#FC307A	214022600
chr2	168279121	168355388	chr2'	167402382	167472319	-	#FC307A	214022600
chr2	168362504	173426630	chr2'	167472302	172551172	+	#FC307A	214022600
chr2	173526049	196506565	chr2'	172551172	195465144	+	#FC307A	214022600
chr2	196560638	201263661	chr2'	195528887	200103887	+	#FC307A	214022600
chr2	201346256	202344137	chr2'	200142685	201057568	+	#FC307A	214022600
chr2	202406389	204109609	chr2'	201080105	202677276	+	#FC307A	214022600
chr2	204205375	204910596	chr2'	202729073	203421018	+	#FC307A	214022600
chr2	205053364	205192374	chr2'	203558113	203674979	+	#FC307A	214022600
chr2	205227883	205390126	chr2'	203639651	203760325	+	#FC307A	214022600
chr2	205297734	205359620	chr2'	204195500	204256238	+	#FC307A	214022600
chr2	205672402	205815074	chr2'	203884124	203996895	+	#FC307A	214022600
chr2	205777742	205914378	chr2'	204052045	204149205	+	#FC307A	214022600
chr2	206066651	206175395	chr2'	204168271	204248801	+	#FC307A	214022600
chr2	206150999	209714973	chr2'	204376806	207811449	+	#FC307A	214022600
chr2	209764979	209957087	chr2'	207809068	207969268	+	#FC307A	214022600
chr2	209916147	214479867	chr2'	207972304	212239754	+	#FC307A	214022600
chr2	214498271	216100366	chr2'	212305047	213755001	+	#FC307A	214022600
chr2	216224305	216441385	chr2'	213801995	214021793	+	#FC307A	214022600
chr3	20248	129870	chr3'	107	116580	+	#7FFF00	193350152
chr3	292901	454540	chr3'	201067	338959	+	#7FFF00	193350152
chr3	518099	1317955	chr3'	338963	997923	+	#7FFF00	193350152
chr3	1395759	1933097	chr3'	998220	1514623	+	#7FFF00	193350152
chr3	2092091	2181052	chr3'	1515136	1602082	+	#7FFF00	193350152
chr3	2296291	2447203	chr3'	1624890	1762133	+	#7FFF00	193350152
chr3	2501118	40993011	chr3'	1762393	40498881	+	#7FFF00	193350152
chr3	41055613	41140069	chr3'	40498881	40576351	-	#7FFF00	193350152
chr3	41146114	62572205	chr3'	40587232	62227704	+	#7FFF00	193350152
chr3	62572701	62638713	chr3'	62268858	62340396	-	#7FFF00	193350152
chr3	62689878	64984286	chr3'	62345732	64656925	+	#7FFF00	193350152
chr3	65069741	74321798	chr3'	64656925	73940270	+	#7FFF00	193350152
chr3	74324975	74624127	chr3'	73940414	74240432	-	#7FFF00	193350152
chr3	74648259	79175833	chr3'	74284525	78785368	+	#7FFF00	193350152
chr3	79251533	81085808	chr3'	78785368	80526516	+	#7FFF00	193350152
chr3	81302889	81755481	chr3'	80526516	80936805	+	#7FFF00	193350152
chr3	81756144	82463806	chr3'	81169517	81908767	+	#7FFF00	193350152
chr3	82587165	82701508	chr3'	81916488	82034540	+	#7FFF00	193350152
chr3	82819661	83098745	chr3'	82034601	82319053	+	#7FFF00	193350152
chr3	83100172	83230737	chr3'	82392958	82511410	+	#7FFF00	193350152
chr3	83264924	120353817	chr3'	82630217	119821165	+	#7FFF00	193350152
chr3	120437794	130023421	chr3'	119821167	129447619	+	#7FFF00	193350152
chr3	130115303	133054803	chr3'	129457144	132440096	+	#7FFF00	193350152
chr3	133137252	134974260	chr3'	132440209	134324634	+	#7FFF00	193350152
chr3	135035071	139530798	chr3'	134324654	138822124	+	#7FFF00	193350152
chr3	139601568	148032259	chr3'	138822124	147291304	+	#7FFF00	193350152
chr3	148131663	150201652	chr3'	147291826	149279057	+	#7FFF00	193350152
chr3	150260517	151256349	chr3'	149279574	150219809	+	#7FFF00	193350152
chr3	151318345	153237275	chr3'	150219809	152080999	+	#7FFF00	193350152
chr3	153295785	163209973	chr3'	152080999	161953438	+	#7FFF00	193350152
chr3	163376712	168824866	chr3'	161953949	167351614	+	#7FFF00	193350152
chr3	168854528	170739903	chr3'	167419542	169297568	+	#7FFF00	193350152
chr3	170785221	170836622	chr3'	169302098	169353694	-	#7FFF00	193350152
chr3	170842704	176777154	chr3'	169353694	175237921	+	#7FFF00	193350152
chr3	176859785	195004429	chr3'	175237924	193350146	+	#7FFF00	193350152
chr4	626	18296840	chr4'	1056	18095441	+	#8F5B6C	186753721
chr4	18367597	34323298	chr4'	18095448	34115194	+	#8F5B6C	186753721
chr4	34388449	42837678	chr4'	34115196	42595465	+	#8F5B6C	186753721
chr4	43033036	47904209	chr4'	42595465	47515972	+	#8F5B6C	186753721
chr4	48011639	53108268	chr4'	47515976	52654925	+	#8F5B6C	186753721
chr4	53176955	63925245	chr4'	52654929	63434842	+	#8F5B6C	186753721
chr4	64276675	64376007	chr4'	63492215	63606279	-	#8F5B6C	186753721
chr4	64507930	64693694	chr4'	63622742	63784193	-	#8F5B6C	186753721
chr4	64705865	69356003	chr4'	63790351	68490341	+	#8F5B6C	186753721
chr4	69407794	80588670	chr4'	68515896	79723703	+	#8F5B6C	186753721
chr4	80675278	80743613	chr4'	79779596	79857228	+	#8F5B6C	186753721
chr4	80814760	80907683	chr4'	79854532	79943521	-	#8F5B6C	186753721
chr4	80907683	83317973	chr4'	79947217	82489036	+	#8F5B6C	186753721
chr4	83430813	83582808	chr4'	82550148	82701571	+	#8F5B6C	186753721
chr4	83665523	87050431	chr4'	82701574	86023865	+	#8F5B6C	186753721
chr4	87049918	87112543	chr4'	86023194	86102641	-	#8F5B6C	186753721
chr4	87111928	88871261	chr4'	86102113	87669981	+	#8F5B6C	186753721
chr4	88402869	88460127	chr4'	87775936	87837102	+	#8F5B6C	186753721
chr4	88527691	88638368	chr4'	87273383	87409338	-	#8F5B6C	186753721
chr4	88929650	89015912	chr4'	87705720	87791275	+	#8F5B6C	186753721
chr4	89068086	90770980	chr4'	87791275	89457670	+	#8F5B6C	186753721
chr4	90772126	90836526	chr4'	89457670	89513092	-	#8F5B6C	186753721
chr4	90874257	95872078	chr4'	89513078	94468594	+	#8F5B6C	186753721
chr4	95957538	97675031	chr4'	94468595	96135201	+	#8F5B6C	186753721
chr4	97763797	100014130	chr4'	96135204	98382237	+	#8F5B6C	186753721
chr4	100207659	116013010	chr4'	98382237	114512078	+	#8F5B6C	186753721
chr4	116018136	120672221	chr4'	114592465	119323008	+	#8F5B6C	186753721
chr4	116065372	116142051	chr6'	145418914	145508461	-	#9143FA	145785969
chr4	120777405	134751124	chr4'	119323033	133336729	+	#8F5B6C	186753721
chr4	134802560	154144724	chr4'	133337809	152351890	+	#8F5B6C	186753721
chr4	154224648	157479586	chr4'	152400984	155623367	+	#8F5B6C	186753721
chr4	157537639	162026927	chr4'	155623367	160069571	+	#8F5B6C	186753721
chr4	162084797	175849715	chr4'	160070531	173443224	+	#8F5B6C	186753721
chr4	175998403	178740047	chr4'	173443224	176065275	+	#8F5B6C	186753721
chr4	178839578	178894306	chr4'	176065275	176118061	+	#8F5B6C	186753721
chr4	178957097	179650835	chr4'	176118061	176771184	+	#8F5B6C	186753721
chr4	179734179	179812780	chr4'	176771718	176871481	+	#8F5B6C	186753721
chr4	179751324	182323199	chr4'	176872001	179341863	+	#8F5B6C	186753721
chr4	182395147	183056409	chr4'	179379448	180009883	+	#8F5B6C	186753721
chr4	183146928	183566160	chr4'	180009883	180428107	+	#8F5B6C	186753721
chr4	183731424	187208086	chr4'	180462184	183720930	+	#8F5B6C	186753721
chr4	187274971	187359858	chr4'	183721417	183785678	-	#8F5B6C	186753721
chr4	187422074	188986213	chr4'	183786064	185218629	+	#8F5B6C	186753721
chr4	189066538	189144573	chr4'	185218975	185297204	+	#8F5B6C	186753721
chr4	189199037	189791334	chr4'	185297745	185794364	+	#8F5B6C	186753721
chr4	189853284	189928517	chr4'	185816692	185891673	-	#8F5B6C	186753721
chr4	189983946	190983150	chr4'	185891722	186753721	+	#8F5B6C	186753721
chr5	27678	267647	chr5	7695	218642	+	#88E1FE	151921245
chr5	370352	656843	chr5	220544	441853	+	#88E1FE	151921245
chr5	967209	1155822	chr5	585126	755679	+	#88E1FE	151921245
chr5	1255905	1353977	chr5	840350	897279	+	#88E1FE	151921245
chr5	1301692	1573458	chr5	906375	1151288	+	#88E1FE	151921245
chr5	1478720	1553600	chr5	1624826	1705136	+	#88E1FE	151921245
chr5	1745038	2168462	chr5	1306067	1737400	+	#88E1FE	151921245
chr5	2411356	2636154	chr5	2029256	2189883	-	#88E1FE	151921245
chr5	2638551	2710568	chr5	1090716	1147398	-	#88E1FE	151921245
chr5	2710712	2768177	chr5	1953735	2014101	-	#88E1FE	151921245
chr5	3029064	3090351	chr5	2404693	2474695	+	#88E1FE	151921245
chr5	3267716	3610963	chr5	2619357	2972381	+	#88E1FE	151921245
chr5	3610967	4126343	chr5	2972400	3498979	-	#88E1FE	151921245
chr5	4126345	4528574	chr5	3498979	3902245	+	#88E1FE	151921245
chr5	4647616	5169924	chr5	3964456	4466825	+	#88E1FE	151921245
chr5	5215126	5308489	chr5	4501820	4588266	-	#88E1FE	151921245
chr5	5379113	5448206	chr5	4598057	4659391	+	#88E1FE	151921245
chr5	5516969	5757810	chr5	4847289	5056178	+	#88E1FE	151921245
chr5	5797439	5910401	chr5	5035798	5137156	-	#88E1FE	151921245
chr5	5925415	5994340	chr5	5137156	5198841	+	#88E1FE	151921245
chr5	6050554	6234093	chr5	5211678	5352646	+	#88E1FE	151921245
chr5	6321986	6433919	chr5	5406006	5528309	+	#88E1FE	151921245
chr5	6528900	7639627	chr5	5556041	6636131	+	#88E1FE	151921245
chr5	7691997	18558926	chr5	6695572	17557751	+	#88E1FE	151921245
chr5	18632353	21411505	chr5	17557751	20345079	+	#88E1FE	151921245
chr5	21493331	22331954	chr5	20345095	21161539	+	#88E1FE	151921245
chr5	22392468	34483547	chr5	21161595	33267343	+	#88E1FE	151921245
chr5	34669261	38560890	chr5	33267343	37216920	+	#88E1FE	151921245
chr5	38632036	46261211	chr5	37216920	44962172	+	#88E1FE	151921245
chr5	45727658	45783210	chr5	44392382	44445744	-	#88E1FE	151921245
chr5	46261211	63081902	chr5	45123673	61977685	+	#88E1FE	151921245
chr5	63184881	63704937	chr5	61977685	62489700	+	#88E1FE	151921245
chr5	63851845	73700985	chr5	62492394	72415930	+	#88E1FE	151921245
chr5	73702240	73757782	chr5	72415933	72470130	-	#88E1FE	151921245
chr5	73768427	76732995	chr5	72470132	75408400	+	#88E1FE	151921245
chr5	76833409	76886620	chr5	75429832	75483652	+	#88E1FE	151921245
chr5	76886672	77059328	chr5	75552446	75720330	+	#88E1FE	151921245
chr5	77137351	78872685	chr5	75719026	77360787	+	#88E1FE	151921245
chr5	78925549	102157204	chr5	77360787	100556697	+	#88E1FE	151921245
chr5	89485187	89544742	chr6'	82224990	82291260	-	#9143FA	145785969
chr5	89487710	89553277	chr7	66515298	66591605	-	#FFFF00	137436349
chr5	89501726	89557755	chr7	86666446	86732116	+	#FFFF00	137436349
chr5	89583374	89645006	chr6'	52558832	52632968	-	#9143FA	145785969
chr5	102224345	115532205	chr5	100556697	113805387	+	#88E1FE	151921245
chr5	115584441	149851155	chr5	113805387	147992380	+	#88E1FE	151921245
chr5	149927624	152016325	chr5	148033180	150060372	+	#88E1FE	151921245
chr5	152068712	153558101	chr5	150060374	151441971	+	#88E1FE	151921245
chr5	153771017	153841725	chr5	151475480	151555034	-	#88E1FE	151921245
chr5	153907378	154096806	chr5	151599908	151732174	+	#88E1FE	151921245
chr5	154167605	154365279	chr5	151732174	151921242	-	#88E1FE	151921245
chr6	28655	203579	chr6'	1795	141611	+	#9143FA	145785969
chr6	256441	1718623	chr6'	144590	1469239	+	#9143FA	145785969
chr6	1810139	6287343	chr6'	1469469	5811789	+	#9143FA	145785969
chr6	6368764	19809326	chr6'	5811789	19218430	+	#9143FA	145785969
chr6	16599121	16671538	chr6'	52762217	52845369	-	#9143FA	145785969
chr6	16665672	16728316	chr6'	52741876	52832394	+	#9143FA	145785969
chr6	19864445	49023086	chr6'	19218949	48549979	+	#9143FA	145785969
chr6	49084883	56975216	chr6'	48549979	56517906	+	#9143FA	145785969
chr6	53023560	53102115	chr4'	114564247	114654168	+	#8F5B6C	186753721
chr6	53029127	53103086	chr7	86760816	86827531	-	#FFFF00	137436349
chr6	57038660	62420706	chr6'	56517906	61942096	+	#9143FA	145785969
chr6	62571581	66297500	chr6'	61942096	65664731	+	#9143FA	145785969
chr6	66437647	82526238	chr6'	65664731	81884403	+	#9143FA	145785969
chr6	76132572	76294105	chr5	1737400	1826574	-	#88E1FE	151921245
chr6	82586254	85963946	chr6'	81947126	85338611	+	#9143FA	145785969
chr6	82714967	82790264	chr6'	145411735	145531966	+	#9143FA	145785969
chr6	86078447	88328087	chr6'	85338611	87490990	+	#9143FA	145785969
chr6	88378595	89424621	chr6'	87490991	88519005	+	#9143FA	145785969
chr6	89471300	89532769	chr6'	88519005	88577827	-	#9143FA	145785969
chr6	89532777	89882746	chr6'	88610424	88964358	+	#9143FA	145785969
chr6	89956244	111482517	chr6'	88964358	110818090	+	#9143FA	145785969
chr6	111802170	112639445	chr6'	110818095	111647839	+	#9143FA	145785969
chr6	112766707	118578574	chr6'	111647848	117444848	+	#9143FA	145785969
chr6	118568955	118641849	chr6'	117529608	117609094	+	#9143FA	145785969
chr6	118637280	118863508	chr6'	117668340	117917572	+	#9143FA	145785969
chr6	119015858	119427870	chr6'	117946574	118338110	+	#9143FA	145785969
chr6	119684451	120359403	chr6'	118514259	119133451	+	#9143FA	145785969
chr6	120355060	120419568	chr6'	119207996	119287316	+	#9143FA	145785969
chr6	120464727	123513199	chr6'	119234735	122227802	+	#9143FA	145785969
chr6	123582775	128150111	chr6'	122228535	126711766	+	#9143FA	145785969
chr6	128228195	144872756	chr6'	126711766	143275516	+	#9143FA	145785969
chr6	144923032	146799190	chr6'	143276020	145033482	+	#9143FA	145785969
chr6	146956774	147319800	chr6'	145069819	145362449	+	#9143FA	145785969
chr6	147379926	147448050	chr6'	145384789	145453562	+	#9143FA	145785969
chr6	147546322	147789116	chr6'	145569964	145785969	+	#9143FA	145785969
chr7	251814	343405	chr9'	131351	205897	+	#4FA101	115920450
chr7	425097	584073	chr9'	509981	655412	+	#4FA101	115920450
chr7	425734	533150	chr9'	1409741	1525925	+	#4FA101	115920450
chr7	427135	510038	chr9'	1201498	1270652	-	#4FA101	115920450
chr7	436951	505073	chr9'	981459	1051893	+	#4FA101	115920450
chr7	437916	494236	chr9'	341118	465512	+	#4FA101	115920450
chr7	455937	529525	chr9'	1231754	1283265	-	#4FA101	115920450
chr7	510458	684781	chr9'	376224	617049	+	#4FA101	115920450
chr7	534938	631231	chr9'	1438340	1496573	+	#4FA101	115920450
chr7	577139	738214	chr9'	997534	1139289	+	#4FA101	115920450
chr7	584814	678628	chr9'	911956	966085	+	#4FA101	115920450
chr7	605374	752154	chr9'	953617	1054227	+	#4FA101	115920450
chr7	662586	775780	chr9'	203101	302701	+	#4FA101	115920450
chr7	671682	799588	chr9'	488434	579942	+	#4FA101	115920450
chr7	678629	752460	chr9'	439219	497938	+	#4FA101	115920450
chr7	683312	799588	chr9'	885515	994976	+	#4FA101	115920450
chr7	712871	787709	chr9'	195693	252344	+	#4FA101	115920450
chr7	715787	832553	chr9'	1194984	1282068	-	#4FA101	115920450
chr7	715787	832553	chr9'	1103812	1189167	-	#4FA101	115920450
chr7	716084	776510	chr9'	1456143	1510914	+	#4FA101	115920450
chr7	716084	789602	chr9'	1168181	1221677	-	#4FA101	115920450
chr7	772544	857698	chr9'	664358	744114	+	#4FA101	115920450
chr7	1060883	5088689	chr9'	1536392	5279291	+	#4FA101	115920450
chr7	5175706	12901075	chr9'	5299306	12702145	+	#4FA101	115920450
chr7	12974089	13920834	chr9'	12751339	13695391	+	#4FA101	115920450
chr7	14008720	36916766	chr9'	13695412	36405534	+	#4FA101	115920450
chr7	36973750	47981815	chr9'	36405534	47303763	+	#4FA101	115920450
chr7	48034831	59711185	chr9'	47303763	59221605	+	#4FA101	115920450
chr7	59785029	67001205	chr9'	59224986	66503426	+	#4FA101	115920450
chr7	67215023	69169422	chr9'	66503426	68495000	+	#4FA101	115920450
chr7	69170523	69250629	chr9'	68495000	68582695	-	#4FA101	115920450
chr7	69331309	71047384	chr9'	68582695	70335559	+	#4FA101	115920450
chr7	71121549	73708417	chr9'	70335559	72942635	+	#4FA101	115920450
chr7	73764730	75999433	chr9'	72974151	75232946	+	#4FA101	115920450
chr7	73803338	73862842	chr9'	72946491	73019422	+	#4FA101	115920450
chr7	76087063	76203100	chr9'	75232947	75341302	+	#4FA101	115920450
chr7	76277195	82227420	chr9'	75341302	81328905	+	#4FA101	115920450
chr7	82290977	88497344	chr9'	81328909	87401513	+	#4FA101	115920450
chr7	88601368	93043326	chr9'	87401513	91924588	+	#4FA101	115920450
chr7	93107250	94159634	chr9'	91920961	93075048	+	#4FA101	115920450
chr7	93334039	93394835	chr9'	92443244	92529157	+	#4FA101	115920450
chr7	94210109	94750390	chr9'	93094019	93662184	+	#4FA101	115920450
chr7	94803412	94922234	chr9'	93670282	93782358	+	#4FA101	115920450
chr7	95102353	95685896	chr9'	93936495	94553536	+	#4FA101	115920450
chr7	95685896	110443564	chr9'	94645923	109456780	+	#4FA101	115920450
chr7	95792806	95858024	chr9'	110693865	110762650	+	#4FA101	115920450
chr7	110578786	110848710	chr9'	109456781	109708477	+	#4FA101	115920450
chr7	110929590	117215143	chr9'	109708477	115902206	+	#4FA101	115920450
chr7	111936161	112036428	chr9'	94749854	94850512	+	#4FA101	115920450
chr7	117232409	121084656	chr19'	4390	3878848	+	#643D02	26249478
chr7	121085431	121209340	chr19'	3892810	4036176	-	#643D02	26249478
chr7	121209457	137259008	chr19'	4036664	19812053	+	#643D02	26249478
chr7	137322501	143699153	chr19'	19812575	25982021	+	#643D02	26249478
chr7	143754482	144064294	chr19'	25982021	26248020	+	#643D02	26249478
chr8	48304	102635	chr8	0	60114	+	#00FF7F	135435256
chr8	114933	843520	chr8	112633	688163	+	#00FF7F	135435256
chr8	1020095	1847993	chr8	728999	1442996	+	#00FF7F	135435256
chr8	1914194	3557901	chr8	1443003	2924625	+	#00FF7F	135435256
chr8	3614082	3756352	chr8	2924625	3072803	+	#00FF7F	135435256
chr8	3812051	12317991	chr8	3073316	11158615	+	#00FF7F	135435256
chr8	12533932	12764285	chr8	11159153	11380901	-	#00FF7F	135435256
chr8	12924516	18878610	chr8	11452448	17293845	+	#00FF7F	135435256
chr8	18938313	21505644	chr8	17293845	19847675	+	#00FF7F	135435256
chr8	21586419	27966735	chr8	19847684	26211244	+	#00FF7F	135435256
chr8	28020757	30514519	chr8	26259326	28716651	+	#00FF7F	135435256
chr8	30575384	33371839	chr8	28716651	31509979	+	#00FF7F	135435256
chr8	33432784	43517523	chr8	31509979	41610918	+	#00FF7F	135435256
chr8	43581164	47965972	chr8	41610918	46020171	+	#00FF7F	135435256
chr8	44687313	44746874	chr8	42848617	42916105	+	#00FF7F	135435256
chr8	44803313	44872644	chr8	42706107	42778990	+	#00FF7F	135435256
chr8	47965977	48027951	chr8	46020171	46088217	-	#00FF7F	135435256
chr8	48028026	48821697	chr8	46088297	46876449	+	#00FF7F	135435256
chr8	48947962	49034137	chr8	46912031	46974190	+	#00FF7F	135435256
chr8	49028098	49109864	chr3'	145557937	145623347	-	#7FFF00	193350152
chr8	49052994	49139323	chr8	47928563	48009779	-	#00FF7F	135435256
chr8	49103342	49155843	chr8	46979586	47082410	+	#00FF7F	135435256
chr8	49310593	50012477	chr8	47118034	47870665	+	#00FF7F	135435256
chr8	50062249	58599779	chr8	48481267	56988762	+	#00FF7F	135435256
chr8	58670444	59654250	chr8	56988762	57933344	+	#00FF7F	135435256
chr8	59607851	61939726	chr8	57937057	60188415	+	#00FF7F	135435256
chr8	62017498	65806758	chr8	60188415	63876655	+	#00FF7F	135435256
chr8	65947443	84130931	chr8	64053817	82469053	+	#00FF7F	135435256
chr8	84200010	86636800	chr8	82469053	84868313	+	#00FF7F	135435256
chr8	86723763	87895529	chr8	84868313	86040816	+	#00FF7F	135435256
chr8	87973348	100450741	chr8	86041101	98383843	+	#00FF7F	135435256
chr8	100651558	100942349	chr8	98529905	98849657	+	#00FF7F	135435256
chr8	100652594	100745825	chr8	98612178	98676774	+	#00FF7F	135435256
chr8	100656887	100739837	chr8	98383088	98491800	+	#00FF7F	135435256
chr8	100867259	116838903	chr8	98870964	114842089	+	#00FF7F	135435256
chr8	116939090	126755262	chr8	114862580	124559317	+	#00FF7F	135435256
chr8	126815348	128280071	chr8	124559317	125997515	+	#00FF7F	135435256
chr8	128356663	132173662	chr8	125997515	129722095	+	#00FF7F	135435256
chr8	132231044	136624274	chr8	129722605	134092438	+	#00FF7F	135435256
chr8	136683111	138176428	chr8	134092730	135435256	+	#00FF7F	135435256
chr9	0	10601304	chr7	67436	10463503	+	#FFFF00	137436349
chr9	10628422	12407736	chr7	10556594	12339781	+	#FFFF00	137436349
chr9	12407737	12458859	chr11	1316601	1375222	-	#FA81C8	103802917
chr9	12471232	25689980	chr7	12393371	25677074	+	#FFFF00	137436349
chr9	12488066	12612954	chr7	10470901	10552033	-	#FFFF00	137436349
chr9	25769958	26185429	chr7	25677115	26073744	+	#FFFF00	137436349
chr9	26276705	33306800	chr7	26114363	33139569	+	#FFFF00	137436349
chr9	33375165	42247345	chr7	33139573	42051643	+	#FFFF00	137436349
chr9	42322426	42533054	chr7	42266521	42454276	+	#FFFF00	137436349
chr9	42356530	42439763	chr14	88494635	88563159	+	#3600AC	88609765
chr9	42644253	49281175	chr7	42454290	49134021	+	#FFFF00	137436349
chr9	49426760	49491484	chr7	49154472	49270079	+	#FFFF00	137436349
chr9	49448312	49570274	chr7	49283885	49406551	+	#FFFF00	137436349
chr9	49976880	50889550	chr7	49566196	50413151	+	#FFFF00	137436349
chr9	50976518	51359722	chr7	50413152	50787320	+	#FFFF00	137436349
chr9	51428124	52440681	chr7	50787320	51795599	+	#FFFF00	137436349
chr9	52523144	64389175	chr7	51795599	63683569	+	#FFFF00	137436349
chr9	64488277	67293552	chr7	63683578	66621342	+	#FFFF00	137436349
chr9	67101390	67182975	chr6'	145471991	145531967	-	#9143FA	145785969
chr9	67186031	67248453	chr4'	114671961	114750196	+	#8F5B6C	186753721
chr9	67384072	67468973	chr7	66714041	66787398	+	#FFFF00	137436349
chr9	67453560	69088414	chr7	66804797	68446412	+	#FFFF00	137436349
chr9	69185959	72763823	chr7	68446412	72055143	+	#FFFF00	137436349
chr9	72838166	85216253	chr7	72055143	84371844	+	#FFFF00	137436349
chr9	76148831	76212911	chr7	75611373	75677295	-	#FFFF00	137436349
chr9	76329477	76444514	chr7	75398478	75485717	-	#FFFF00	137436349
chr9	85320277	85568176	chr7	84372357	84679615	+	#FFFF00	137436349
chr9	85589804	85646621	chr7	84615729	84666797	-	#FFFF00	137436349
chr9	85624884	85859236	chr7	84667214	84859081	+	#FFFF00	137436349
chr9	85977016	87028608	chr7	84875258	85990665	+	#FFFF00	137436349
chr9	86968543	87053628	chr7	85993687	86054487	-	#FFFF00	137436349
chr9	87088953	88045573	chr7	86067419	87050458	+	#FFFF00	137436349
chr9	87659930	87714527	chr7	66513753	66582467	-	#FFFF00	137436349
chr9	87737522	87787786	chr11	75598158	75681823	-	#FA81C8	103802917
chr9	87750407	87819490	chr6'	52559052	52627257	-	#9143FA	145785969
chr9	87751154	87831596	chr5	88125311	88182361	+	#88E1FE	151921245
chr9	88120412	96838833	chr7	87050459	95703273	+	#FFFF00	137436349
chr9	96914420	122881489	chr7	95703273	121696177	+	#FFFF00	137436349
chr9	122948387	130722932	chr7	121696181	129286989	+	#FFFF00	137436349
chr9	130836175	132316323	chr7	129287002	130691861	+	#FFFF00	137436349
chr9	132354730	132498641	chr7	130692389	130814438	-	#FFFF00	137436349
chr9	132534341	132840122	chr7	130814922	131118571	+	#FFFF00	137436349
chr9	132903540	139582537	chr7	131119082	137435642	+	#FFFF00	137436349
chrX	0	1103138	chrX	2999	1127643	+	#00FF00	122731335
chrX	1137427	1221669	chrX	1127643	1210750	-	#00FF00	122731335
chrX	1255621	2137602	chrX	1216744	1983041	+	#00FF00	122731335
chrX	2215197	2369180	chrX	1992075	2140773	+	#00FF00	122731335
chrX	2440354	3111010	chrX	2144526	2816882	+	#00FF00	122731335
chrX	3186573	4735963	chrX	2879982	4412132	+	#00FF00	122731335
chrX	4736517	4881061	chrX	4412170	4536108	-	#00FF00	122731335
chrX	4844628	8198510	chrX	4536072	7924580	+	#00FF00	122731335
chrX	8276218	15867893	chrX	7958354	15462924	+	#00FF00	122731335
chrX	15997047	21891916	chrX	15522700	21546305	+	#00FF00	122731335
chrX	21981927	22128936	chrX	21565324	21701092	-	#00FF00	122731335
chrX	22187546	22318078	chrX	21745677	21874432	+	#00FF00	122731335
chrX	22370912	22758015	chrX	21893090	22221798	+	#00FF00	122731335
chrX	22768030	24264599	chrX	22315845	23785075	+	#00FF00	122731335
chrX	24335630	24889267	chrX	23845107	24370583	+	#00FF00	122731335
chrX	24941799	27670487	chrX	24409587	27190134	+	#00FF00	122731335
chrX	27726647	32976605	chrX	27240796	32501592	+	#00FF00	122731335
chrX	33188224	38589382	chrX	32572278	37941530	+	#00FF00	122731335
chrX	38586308	44125729	chrX	37963251	43507653	+	#00FF00	122731335
chrX	44186877	44311301	chrX	43515754	43630254	+	#00FF00	122731335
chrX	44327778	44819068	chrX	43691278	44167095	+	#00FF00	122731335
chrX	44939477	45671414	chrX	44283428	44980273	+	#00FF00	122731335
chrX	45724260	49406950	chrX	44980660	48651891	+	#00FF00	122731335
chrX	49404834	49595634	chrX	48675188	48915918	+	#00FF00	122731335
chrX	49646464	50192534	chrX	48925682	49512730	+	#00FF00	122731335
chrX	50196028	53093469	chrX	49591278	52545102	+	#00FF00	122731335
chrX	53093469	54294432	chrX	52636667	53871088	+	#00FF00	122731335
chrX	54295382	54375072	chrX	53871088	53959182	-	#00FF00	122731335
chrX	54420277	57108570	chrX	53959182	56674698	+	#00FF00	122731335
chrX	57176978	58437936	chrX	56707466	58001937	+	#00FF00	122731335
chrX	58437936	60278866	chrX	58098170	59968510	+	#00FF00	122731335
chrX	60278866	60342744	chrX	59968702	60039518	-	#00FF00	122731335
chrX	60342744	66022481	chrX	60039531	65910652	+	#00FF00	122731335
chrX	66052020	67116264	chrX	65963830	67004777	+	#00FF00	122731335
chrX	67195347	71154933	chrX	67064545	71003360	+	#00FF00	122731335
chrX	71156328	72178859	chrX	71062983	71990432	+	#00FF00	122731335
chrX	72243283	74274276	chrX	72011052	74069590	+	#00FF00	122731335
chrX	74275836	74878595	chrX	74119637	74670921	+	#00FF00	122731335
chrX	74878595	74945254	chrX	74733249	74817944	+	#00FF00	122731335
chrX	75047399	75266474	chrX	74948713	75162534	+	#00FF00	122731335
chrX	75369618	75514561	chrX	75176577	75321853	-	#00FF00	122731335
chrX	75532694	75703965	chrX	75349650	75513242	+	#00FF00	122731335
chrX	75788121	76809477	chrX	75525616	76531688	+	#00FF00	122731335
chrX	76862360	77230932	chrX	76570203	76922035	+	#00FF00	122731335
chrX	77308345	77451168	chrX	76922035	77065535	+	#00FF00	122731335
chrX	77545727	78512807	chrX	77065535	77967813	+	#00FF00	122731335
chrX	78603225	79253986	chrX	78030832	78688100	+	#00FF00	122731335
chrX	79307095	79413997	chrX	78819758	78922276	+	#00FF00	122731335
chrX	79415157	79513236	chrX	78958159	79051467	-	#00FF00	122731335
chrX	79547609	80052915	chrX	79121017	79620519	+	#00FF00	122731335
chrX	80144512	83624885	chrX	79641040	83117146	+	#00FF00	122731335
chrX	83624885	101425654	chrX	83285628	100999068	+	#00FF00	122731335
chrX	101506126	117005980	chrX	100999137	116505679	+	#00FF00	122731335
chrX	117058215	123547600	chrX	116506274	122731335	+	#00FF00	122731335
