scaffold	query	start	end	query_start	query_end	strand	color	length_column	target_len	query_len	dist_upstream	dist_downstream	dist_end_start	dist_end_end	embedded
chr1	chr1'	57	35953241	48905	35713543	+	#F8C66F	203952124	35953184	35664638		104082			
chr1	chr1'	36057323	40134893	35713547	39778031	+	#F8C66F	203952124	4077570	4064484	104082	7946	104082	4181652	False
chr1	chr1'	40142839	59833430	39855892	59957062	+	#F8C66F	203952124	19690591	20101170	7946	3164	7946	19698537	False
chr1	chr1'	59836594	60013782	59957062	60132282	-	#F8C66F	203952124	177188	175220	3164	5269	3164	180352	False
chr1	chr1'	60019051	60251561	60134439	60369363	-	#F8C66F	203952124	232510	234924	5269	3060	5269	237779	False
chr1	chr1'	60254621	106495799	60369363	107561138	+	#F8C66F	203952124	46241178	47191775	3060	52072	3060	46244238	False
chr1	chr1'	106547871	117431175	107657797	118720949	+	#F8C66F	203952124	10883304	11063152	52072	139210	52072	10935376	False
chr1	chr1'	117570385	119425720	118720949	120585879	+	#F8C66F	203952124	1855335	1864930	139210	137897	139210	1994545	False
chr1	chr1'	119563617	167446182	120596485	168721398	+	#F8C66F	203952124	47882565	48124913	137897	50006	137897	48020462	False
chr1	chr1'	167496188	190678538	168722115	191937529	+	#F8C66F	203952124	23182350	23215414	50006	-6176	50006	23232356	False
chr1	chr1'	190672362	190728013	191961056	192030920	-	#F8C66F	203952124	55651	69864	-6176	55046	-6176	49475	False
chr1	chr1'	190783059	192823180	192063049	194115936	+	#F8C66F	203952124	2040121	2052887	55046	5	55046	2095167	False
chr1	chr1'	192823185	201432627	194273419	202706842	+	#F8C66F	203952124	8609442	8433423	5	678	5	8609447	False
chr1	chr1'	201433305	201493822	202706842	202763249	-	#F8C66F	203952124	60517	56407	678	1860	678	61195	False
chr1	chr1'	201495682	202694540	202763249	203945475	+	#F8C66F	203952124	1198858	1182226	1860		1860	1200718	False
chr10	chr10	45251	16565824	9705	16384821	+	#00FFFF	110930755	16520573	16375116		54117			
chr10	chr10	16619941	19385744	16384821	19010978	+	#00FFFF	110930755	2765803	2626157	54117	52547	54117	2819920	False
chr10	chr10	19438291	25566633	19069405	25148675	+	#00FFFF	110930755	6128342	6079270	52547	91902	52547	6180889	False
chr10	chr10	25658535	29714241	25148675	29274406	+	#00FFFF	110930755	4055706	4125731	91902	-36816	91902	4147608	False
chr10	chr10	29677425	29757773	29594480	29689294	+	#00FFFF	110930755	80348	94814	-36816	66264	-36816	43532	False
chr10	chr10	29824037	39065557	29697293	39085468	+	#00FFFF	110930755	9241520	9388175	66264	59628	66264	9307784	False
chr10	chr8	38897802	39063161	48043161	48189550	-	#00FF7F	135435256	165359	146389		264248			
chr10	chr10	39125185	39437822	39093149	39421798	+	#00FFFF	110930755	312637	328649	59628	152912	59628	372265	False
chr10	chr8	39327409	39547101	48200695	48384387	+	#00FF7F	135435256	219692	183692	264248		264248	483940	False
chr10	chr10	39590734	57344005	39438659	57305036	+	#00FFFF	110930755	17753271	17866377	152912	70018	152912	17906183	False
chr10	chr10	57414023	58032988	57370463	58004087	+	#00FFFF	110930755	618965	633624	70018	58072	70018	688983	False
chr10	chr10	58091060	58449814	58018396	58438685	+	#00FFFF	110930755	358754	420289	58072	54130	58072	416826	False
chr10	chr10	58503944	58867875	58439218	58810235	+	#00FFFF	110930755	363931	371017	54130	50313	54130	418061	False
chr10	chr10	58918188	60593991	58829018	60418148	+	#00FFFF	110930755	1675803	1589130	50313	51289	50313	1726116	False
chr10	chr10	60645280	95870779	60520724	95888279	+	#00FFFF	110930755	35225499	35367555	51289	101034	51289	35276788	False
chr10	chr10	95971813	96248392	95897576	96197807	+	#00FFFF	110930755	276579	300231	101034	84564	101034	377613	False
chr10	chr10	96332956	96390549	96512437	96577896	+	#00FFFF	110930755	57593	65459	84564	-45407	84564	142157	False
chr10	chr10	96345142	96498535	96119230	96267007	+	#00FFFF	110930755	153393	147777	-45407	-132338	-45407	107986	False
chr10	chr10	96366197	97267589	96342158	97263130	+	#00FFFF	110930755	901392	920972	-132338	-211726	-132338	769054	False
chr10	chr10	97055863	97394780	97215551	97442843	+	#00FFFF	110930755	338917	227292	-211726	492	-211726	127191	False
chr10	chr10	97395272	97493196	97583741	97710126	-	#00FFFF	110930755	97924	126385	492	-64124	492	98416	False
chr10	chr10	97429072	97563549	97409457	97596159	-	#00FFFF	110930755	134477	186702	-64124	-37246	-64124	70353	False
chr10	chr10	97526303	100233095	97736988	100428403	+	#00FFFF	110930755	2706792	2691415	-37246	82574	-37246	2669546	False
chr10	chr10	100315669	101216850	100450508	101351048	+	#00FFFF	110930755	901181	900540	82574	52799	82574	983755	False
chr10	chr10	101269649	102275268	101355925	102331883	+	#00FFFF	110930755	1005619	975958	52799	15	52799	1058418	False
chr10	chr10	102275283	104181187	102395484	104232667	+	#00FFFF	110930755	1905904	1837183	15	55168	15	1905919	False
chr10	chr10	104236355	104807634	104252679	104743000	+	#00FFFF	110930755	571279	490321	55168	70592	55168	626447	False
chr10	chr10	104878226	107240871	104743505	107005906	+	#00FFFF	110930755	2362645	2262401	70592	83205	70592	2433237	False
chr10	chr10	107324076	107930106	107006334	107605590	+	#00FFFF	110930755	606030	599256	83205	35	83205	689235	False
chr10	chr10	107930141	108186877	107621862	107827691	-	#00FFFF	110930755	256736	205829	35	73853	35	256771	False
chr10	chr10	108260730	108812025	107828204	108336620	+	#00FFFF	110930755	551295	508416	73853	55155	73853	625148	False
chr10	chr10	108867180	109412396	108336936	108830996	+	#00FFFF	110930755	545216	494060	55155	138827	55155	600371	False
chr10	chr10	109551223	110596564	108830996	109740819	+	#00FFFF	110930755	1045341	909823	138827	198855	138827	1184168	False
chr10	chr10	110795419	111960806	109941318	110921697	+	#00FFFF	110930755	1165387	980379	198855		198855	1364242	False
chr11	chr11	23	61734	1	62172	-	#FA81C8	103802917	61711	62171		75813			
chr11	chr11	137547	826800	64770	664701	+	#FA81C8	103802917	689253	599931	75813	102007	75813	765066	False
chr11	chr11	928807	1681281	665103	1318660	+	#FA81C8	103802917	752474	653557	102007	89709	102007	854481	False
chr11	chr11	1770990	2245350	1410473	1821760	+	#FA81C8	103802917	474360	411287	89709	66379	89709	564069	False
chr11	chr11	2311729	2393911	1822271	1906244	-	#FA81C8	103802917	82182	83973	66379	33628	66379	148561	False
chr11	chr11	2427539	3201127	1906798	2598669	+	#FA81C8	103802917	773588	691871	33628	87223	33628	807216	False
chr11	chr11	3288350	11156532	2598670	10464821	+	#FA81C8	103802917	7868182	7866151	87223	61526	87223	7955405	False
chr11	chr11	11218058	20684101	10465325	19828975	+	#FA81C8	103802917	9466043	9363650	61526	96399	61526	9527569	False
chr11	chr11	20780500	23976997	19829078	23029317	+	#FA81C8	103802917	3196497	3200239	96399	72012	96399	3292896	False
chr11	chr11	24049009	37410483	23029333	36551525	+	#FA81C8	103802917	13361474	13522192	72012	59028	72012	13433486	False
chr11	chr11	37469511	90772433	36551525	90163436	+	#FA81C8	103802917	53302922	53611911	59028	123021	59028	53361950	False
chr11	chr11	90895454	104602777	90173383	103735248	+	#FA81C8	103802917	13707323	13561865	123021		123021	13830344	False
chr12	chr13	1	6485067	0	6524038	-	#04685D	84214708	6485066	6524038		1758			
chr12	chr13	6486825	8240202	6649980	8431822	+	#04685D	84214708	1753377	1781842	1758	0	1758	1755135	False
chr12	chr13	8240202	8297509	8431822	8489421	-	#04685D	84214708	57307	57599	0	0	0	57307	False
chr12	chr13	8297509	52530946	8495493	52874360	+	#04685D	84214708	44233437	44378867	0	-6396897	0	44233437	False
chr12	chr13	46134049	46274541	46568894	46699068	+	#04685D	84214708	140492	130174	-6396897	24519	-6396897	-6256405	True
chr12	chr13	46299060	46439126	46364623	46559254	+	#04685D	84214708	140066	194631	24519	6156846	24519	164585	False
chr12	chr13	52595972	81897661	52971576	81861210	+	#04685D	84214708	29301689	28889634	6156846	100649	6156846	35458535	False
chr12	chr13	81998310	82090049	81878122	81970168	+	#04685D	84214708	91739	92046	100649	58876	100649	192388	False
chr12	chr13	82148925	82224141	81987968	82063152	+	#04685D	84214708	75216	75184	58876	56033	58876	134092	False
chr12	chr13	82280174	82517939	82063156	82292571	+	#04685D	84214708	237765	229415	56033	55013	56033	293798	False
chr12	chr13	82572952	83849672	82292576	83387534	+	#04685D	84214708	1276720	1094958	55013	83755	55013	1331733	False
chr12	chr13	83933427	84238093	83387912	83648212	+	#04685D	84214708	304666	260300	83755	59446	83755	388421	False
chr12	chr13	84297539	84612901	83648212	83929990	+	#04685D	84214708	315362	281778	59446	236198	59446	374808	False
chr12	chr13	84849099	85119374	83950988	84214708	+	#04685D	84214708	270275	263720	236198		236198	506473	False
chr13	chr15'	19808	433959	5	358106	+	#BC052A	90344018	414151	358101		53984			
chr13	chr15'	487943	570823	375363	459232	+	#BC052A	90344018	82880	83869	53984	23941	53984	136864	False
chr13	chr15'	594764	728454	459738	571079	-	#BC052A	90344018	133690	111341	23941	60271	23941	157631	False
chr13	chr15'	788725	2158902	571663	1825283	+	#BC052A	90344018	1370177	1253620	60271	58321	60271	1430448	False
chr13	chr15'	2217223	32835466	1825793	32305184	+	#BC052A	90344018	30618243	30479391	58321	155211	58321	30676564	False
chr13	chr15'	32990677	35027916	32305184	34330740	+	#BC052A	90344018	2037239	2025556	155211	177042	155211	2192450	False
chr13	chr15'	35204958	62471028	34330744	61712752	+	#BC052A	90344018	27266070	27382008	177042	191780	177042	27443112	False
chr13	chr15'	62662808	63208095	61749113	62287807	+	#BC052A	90344018	545287	538694	191780	84393	191780	737067	False
chr13	chr15'	63292488	66066072	62287868	64944351	+	#BC052A	90344018	2773584	2656483	84393	-45153	84393	2857977	False
chr13	chr15'	66020919	66694110	64946606	65520150	+	#BC052A	90344018	673191	573544	-45153	-7598	-45153	628038	False
chr13	chr15'	66686512	66900481	65722602	65891145	+	#BC052A	90344018	213969	168543	-7598	20990	-7598	206371	False
chr13	chr15'	66921471	67042568	66003977	66159775	+	#BC052A	90344018	121097	155798	20990	-27422	20990	142087	False
chr13	chr15'	67015146	67291592	66187166	66377257	+	#BC052A	90344018	276446	190091	-27422	-151994	-27422	249024	False
chr13	chr15'	67139598	67289235	66173020	66286312	+	#BC052A	90344018	149637	113292	-151994	-120864	-151994	-2357	True
chr13	chr15'	67168371	67354502	66400162	66562164	+	#BC052A	90344018	186131	162002	-120864	-21669	-120864	65267	False
chr13	chr15'	67332833	67384080	67142108	67193410	+	#BC052A	90344018	51247	51302	-21669	30554	-21669	29578	False
chr13	chr15'	67414634	67568468	66685627	66793322	+	#BC052A	90344018	153834	107695	30554	-118249	30554	184388	False
chr13	chr15'	67450219	67571810	67193258	67293719	+	#BC052A	90344018	121591	100461	-118249	-121591	-118249	3342	False
chr13	chr15'	67450219	67683080	66902981	67149904	+	#BC052A	90344018	232861	246923	-121591	987	-121591	111270	False
chr13	chr15'	67684067	67736087	66802849	66863350	+	#BC052A	90344018	52020	60501	987	63893	987	53007	False
chr13	chr15'	67799980	67931012	66697291	66771693	+	#BC052A	90344018	131032	74402	63893	-131032	63893	194925	False
chr13	chr15'	67799980	67953608	67156979	67293719	+	#BC052A	90344018	153628	136740	-131032	254843	-131032	22596	False
chr13	chr15'	68208451	70717381	67398959	69760848	+	#BC052A	90344018	2508930	2361889	254843	104959	254843	2763773	False
chr13	chr15'	70822340	74983681	69763013	73756139	+	#BC052A	90344018	4161341	3993126	104959	75918	104959	4266300	False
chr13	chr15'	75059599	76148503	73756504	74782976	+	#BC052A	90344018	1088904	1026472	75918	-49526	75918	1164822	False
chr13	chr15'	76098977	81003926	74837001	79621608	+	#BC052A	90344018	4904949	4784607	-49526	54530	-49526	4855423	False
chr13	chr15'	81058456	85344143	79621608	83793000	+	#BC052A	90344018	4285687	4171392	54530	69199	54530	4340217	False
chr13	chr15'	85413342	86102877	83793127	84457971	+	#BC052A	90344018	689535	664844	69199	58620	69199	758734	False
chr13	chr15'	86161497	89215525	84476756	87364335	+	#BC052A	90344018	3054028	2887579	58620	214695	58620	3112648	False
chr13	chr15'	89430220	91328206	87453261	89207887	+	#BC052A	90344018	1897986	1754626	214695	3311	214695	2112681	False
chr13	chr15'	91331517	91650891	89336497	89625098	+	#BC052A	90344018	319374	288601	3311	54472	3311	322685	False
chr13	chr15'	91705363	92498454	89625274	90343966	+	#BC052A	90344018	793091	718692	54472		54472	847563	False
chr14	chr14	30364	1083341	8617	897494	+	#3600AC	88609765	1052977	888877		30036			
chr14	chr14	1113377	3565510	899254	3013829	-	#3600AC	88609765	2452133	2114575	30036	49155	30036	2482169	False
chr14	chr14	3614665	12478021	3015004	11686366	+	#3600AC	88609765	8863356	8671362	49155	31722	49155	8912511	False
chr14	chr14	12509743	27073907	11665112	26121166	+	#3600AC	88609765	14564164	14456054	31722	222	31722	14595886	False
chr14	chr14	27074129	36469653	26171451	35622829	+	#3600AC	88609765	9395524	9451378	222	168477	222	9395746	False
chr14	chr14	36638130	36742514	35642277	35716748	+	#3600AC	88609765	104384	74471	168477	66325	168477	272861	False
chr14	chr14	36808839	40801487	35716748	39767287	+	#3600AC	88609765	3992648	4050539	66325	107463	66325	4058973	False
chr14	chr14	40908950	43099751	39767287	41960462	+	#3600AC	88609765	2190801	2193175	107463	53048	107463	2298264	False
chr14	chr14	43152799	45254525	41960464	44033532	+	#3600AC	88609765	2101726	2073068	53048	66500	53048	2154774	False
chr14	chr14	45321025	47298842	44033532	46009725	+	#3600AC	88609765	1977817	1976193	66500	359	66500	2044317	False
chr14	chr14	47299201	60989067	46100552	59958337	+	#3600AC	88609765	13689866	13857785	359	439	359	13690225	False
chr14	chr14	60989506	61876795	60032909	60981178	+	#3600AC	88609765	887289	948269	439	10142	439	887728	False
chr14	chr14	61886937	61953058	60981178	61043292	-	#3600AC	88609765	66121	62114	10142	10134	10142	76263	False
chr14	chr14	61963192	64021229	61043292	63097550	+	#3600AC	88609765	2058037	2054258	10134	15974	10134	2068171	False
chr14	chr14	64037203	64098986	63097581	63149367	-	#3600AC	88609765	61783	51786	15974	111249	15974	77757	False
chr14	chr14	64210235	66869187	63149894	65810325	+	#3600AC	88609765	2658952	2660431	111249	90340	111249	2770201	False
chr14	chr14	66959527	68099277	65810326	66837583	+	#3600AC	88609765	1139750	1027257	90340	534	90340	1230090	False
chr14	chr14	68099811	70153808	67343654	69307319	+	#3600AC	88609765	2053997	1963665	534	-1436081	534	2054531	False
chr14	chr14	68717727	68791766	66855439	66917244	+	#3600AC	88609765	74039	61805	-1436081	1447268	-1436081	-1362042	True
chr14	chr14	70239034	86443844	69309934	85376555	+	#3600AC	88609765	16204810	16066621	1447268	52427	1447268	17652078	False
chr14	chr14	86496271	88224535	85377067	86999530	+	#3600AC	88609765	1728264	1622463	52427	79309	52427	1780691	False
chr14	chr14	88303844	90065694	86999530	88609765	+	#3600AC	88609765	1761850	1610235	79309		79309	1841159	False
chr15	chr12	1	452662	213410	616388	+	#7FBF7F	56725979	452661	402978		152095			
chr15	chr12	604757	704833	638943	727368	+	#7FBF7F	56725979	100076	88425	152095	53799	152095	252171	False
chr15	chr12	758632	5285989	752429	5016156	+	#7FBF7F	56725979	4527357	4263727	53799	80407	53799	4581156	False
chr15	chr12	5366396	7902094	5016156	7515126	+	#7FBF7F	56725979	2535698	2498970	80407	52476	80407	2616105	False
chr15	chr12	7954570	8768191	7515147	8320468	+	#7FBF7F	56725979	813621	805321	52476	142550	52476	866097	False
chr15	chr12	8910741	9090154	8428190	8626292	+	#7FBF7F	56725979	179413	198102	142550	51250	142550	321963	False
chr15	chr12	9141404	12328873	8626292	11613435	+	#7FBF7F	56725979	3187469	2987143	51250	6031	51250	3238719	False
chr15	chr12	12334904	13098713	11721726	12475808	+	#7FBF7F	56725979	763809	754082	6031	61850	6031	769840	False
chr15	chr12	13160563	13225725	12982224	13046484	+	#7FBF7F	56725979	65162	64260	61850	85353	61850	127012	False
chr15	chr12	13311078	18896975	13164227	18667327	+	#7FBF7F	56725979	5585897	5503100	85353	-5478230	85353	5671250	False
chr15	chr12	13418745	13580905	12252185	12440840	+	#7FBF7F	56725979	162160	188655	-5478230	5378580	-5478230	-5316070	True
chr15	chr12	18959485	29839540	18667838	29499240	+	#7FBF7F	56725979	10880055	10831402	5378580	57019	5378580	16258635	False
chr15	chr12	29896559	34257716	29499258	33800158	+	#7FBF7F	56725979	4361157	4300900	57019	57204	57019	4418176	False
chr15	chr12	34314920	35494481	33800672	34935540	+	#7FBF7F	56725979	1179561	1134868	57204	56211	57204	1236765	False
chr15	chr12	35550692	36245506	34935540	35606511	+	#7FBF7F	56725979	694814	670971	56211	74444	56211	751025	False
chr15	chr12	36319950	37550215	35607383	36751377	+	#7FBF7F	56725979	1230265	1143994	74444	85639	74444	1304709	False
chr15	chr12	37635854	38695575	36751377	37728199	+	#7FBF7F	56725979	1059721	976822	85639	149373	85639	1145360	False
chr15	chr12	38844948	41036324	37728718	39793984	+	#7FBF7F	56725979	2191376	2065266	149373	84378	149373	2340749	False
chr15	chr12	41120702	43677301	39793988	42279044	+	#7FBF7F	56725979	2556599	2485056	84378	68501	84378	2640977	False
chr15	chr12	43745802	45948803	42279045	44460938	+	#7FBF7F	56725979	2203001	2181893	68501	83181	68501	2271502	False
chr15	chr12	46031984	54726284	44461752	52712634	+	#7FBF7F	56725979	8694300	8250882	83181	88148	83181	8777481	False
chr15	chr12	54814432	55830786	52713084	53652108	+	#7FBF7F	56725979	1016354	939024	88148	51770	88148	1104502	False
chr15	chr12	55882556	56752911	53681948	54507119	+	#7FBF7F	56725979	870355	825171	51770	107086	51770	922125	False
chr15	chr12	56859997	56950998	54538329	54629449	+	#7FBF7F	56725979	91001	91120	107086	47979	107086	198087	False
chr15	chr12	56998977	57072858	54629449	54702373	-	#7FBF7F	56725979	73881	72924	47979	47735	47979	121860	False
chr15	chr12	57120593	58652325	54702673	56005716	+	#7FBF7F	56725979	1531732	1303043	47735	79203	47735	1579467	False
chr15	chr12	58731528	58849553	56056705	56153422	+	#7FBF7F	56725979	118025	96717	79203	83825	79203	197228	False
chr15	chr12	58933378	59432962	56205562	56652285	+	#7FBF7F	56725979	499584	446723	83825	50196	83825	583409	False
chr15	chr12	59483158	59551624	56652289	56725963	+	#7FBF7F	56725979	68466	73674	50196		50196	118662	False
chr16	chr16	109	13264791	2	13120324	+	#FF7F00	66765662	13264682	13120322		82219			
chr16	chr16	13347010	19413089	13156876	19173763	+	#FF7F00	66765662	6066079	6016887	82219	86891	82219	6148298	False
chr16	chr16	19499980	30906047	19174336	30553008	+	#FF7F00	66765662	11406067	11378672	86891	255727	86891	11492958	False
chr16	chr16	31161774	34395794	30594690	33844345	+	#FF7F00	66765662	3234020	3249655	255727	18431	255727	3489747	False
chr16	chr16	34414225	65116112	33798443	64196940	+	#FF7F00	66765662	30701887	30398497	18431	-21148894	18431	30720318	False
chr16	chr16	43967218	44019535	43064753	43138925	+	#FF7F00	66765662	52317	74172	-21148894	-5151	-21148894	-21096577	True
chr16	chr16	44014384	44085199	43217710	43298312	+	#FF7F00	66765662	70815	80602	-5151	20945394	-5151	65664	False
chr16	chr16	65030593	65102712	64237712	64291768	-	#FF7F00	66765662	72119	54056	20945394	15253	20945394	21017513	False
chr16	chr16	65117965	65252765	64291373	64420911	+	#FF7F00	66765662	134800	129538	15253	64310	15253	150053	False
chr16	chr16	65317075	67763370	64421419	66763666	+	#FF7F00	66765662	2446295	2342247	64310		64310	2510605	False
chr17	chr17'	24433	563532	868	507474	+	#007FFF	54782293	539099	506606		155184			
chr17	chr17'	718716	1016654	507494	792704	+	#007FFF	54782293	297938	285210	155184	78387	155184	453122	False
chr17	chr17'	1095041	1751059	815501	1445042	+	#007FFF	54782293	656018	629541	78387	96471	78387	734405	False
chr17	chr17'	1847530	3091274	1445557	2521136	+	#007FFF	54782293	1243744	1075579	96471	95781	96471	1340215	False
chr17	chr17'	3187055	3703956	2522951	2996593	+	#007FFF	54782293	516901	473642	95781	-7446	95781	612682	False
chr17	chr17'	3696510	3778215	3264389	3322464	+	#007FFF	54782293	81705	58075	-7446	-69008	-7446	74259	False
chr17	chr17'	3709207	3818856	3054149	3140183	+	#007FFF	54782293	109649	86034	-69008	-45530	-69008	40641	False
chr17	chr17'	3773326	3841541	2984136	3043716	+	#007FFF	54782293	68215	59580	-45530	-30033	-45530	22685	False
chr17	chr17'	3811508	3897548	3223789	3304406	-	#007FFF	54782293	86040	80617	-30033	-25994	-30033	56007	False
chr17	chr17'	3871554	4195096	3347527	3659639	+	#007FFF	54782293	323542	312112	-25994	91100	-25994	297548	False
chr17	chr17'	4286196	4675811	3706187	4126207	+	#007FFF	54782293	389615	420020	91100	86109	91100	480715	False
chr17	chr17'	4761920	7398081	4156554	6698228	+	#007FFF	54782293	2636161	2541674	86109	0	86109	2722270	False
chr17	chr17'	7398081	16521914	6775276	15450797	+	#007FFF	54782293	9123833	8675521	0	58893	0	9123833	False
chr17	chr17'	16580807	17182990	15451686	16061979	+	#007FFF	54782293	602183	610293	58893	66370	58893	661076	False
chr17	chr17'	17249360	18134933	16061979	16943944	+	#007FFF	54782293	885573	881965	66370	77360	66370	951943	False
chr17	chr17'	18212293	20293596	16943959	18955621	+	#007FFF	54782293	2081303	2011662	77360	1214	77360	2158663	False
chr17	chr17'	20294810	20422682	18950593	19082074	-	#007FFF	54782293	127872	131481	1214	-17203	1214	129086	False
chr17	chr17'	20405479	20458608	19052131	19129487	-	#007FFF	54782293	53129	77356	-17203	-10084	-17203	35926	False
chr17	chr17'	20448524	20567791	19138097	19278894	-	#007FFF	54782293	119267	140797	-10084	-15475	-10084	109183	False
chr17	chr17'	20552316	24730761	19281267	23277792	+	#007FFF	54782293	4178445	3996525	-15475	52703	-15475	4162970	False
chr17	chr17'	24783464	25957701	23277792	24314654	+	#007FFF	54782293	1174237	1036862	52703	61823	52703	1226940	False
chr17	chr17'	26019524	30166237	24314654	28408847	+	#007FFF	54782293	4146713	4094193	61823	69870	61823	4208536	False
chr17	chr17'	30236107	47877871	28408847	45816943	+	#007FFF	54782293	17641764	17408096	69870	80417	69870	17711634	False
chr17	chr17'	47958288	53586056	45817451	51343784	+	#007FFF	54782293	5627768	5526333	80417	58984	80417	5708185	False
chr17	chr17'	53645040	53738760	51344286	51421060	+	#007FFF	54782293	93720	76774	58984	56814	58984	152704	False
chr17	chr17'	53795574	53874048	51421584	51494275	+	#007FFF	54782293	78474	72691	56814	67186	56814	135288	False
chr17	chr17'	53941234	54532922	51494778	52057101	+	#007FFF	54782293	591688	562323	67186	26968	67186	658874	False
chr17	chr17'	54559890	54748078	52057595	52222642	-	#007FFF	54782293	188188	165047	26968	29012	26968	215156	False
chr17	chr17'	54777090	56227008	52223152	53479384	+	#007FFF	54782293	1449918	1256232	29012	68711	29012	1478930	False
chr17	chr17'	56295719	57606852	53513420	54729503	+	#007FFF	54782293	1311133	1216083	68711		68711	1379844	False
chr18	chr18	25337	5680931	7049	5347190	+	#FF00FF	37269139	5655594	5340141		5469			
chr18	chr18	5686400	5740329	5347688	5401179	-	#FF00FF	37269139	53929	53491	5469	54966	5469	59398	False
chr18	chr18	5795295	8132960	5401581	7517346	+	#FF00FF	37269139	2337665	2115765	54966	121557	54966	2392631	False
chr18	chr18	8254517	8442688	7544666	7729759	+	#FF00FF	37269139	188171	185093	121557	94435	121557	309728	False
chr18	chr18	8537123	9106135	7729761	8226750	+	#FF00FF	37269139	569012	496989	94435	54287	94435	663447	False
chr18	chr18	9160422	9296134	8241503	8367058	+	#FF00FF	37269139	135712	125555	54287	60105	54287	189999	False
chr18	chr18	9356239	14655489	8390722	13485177	+	#FF00FF	37269139	5299250	5094455	60105	76460	60105	5359355	False
chr18	chr18	14731949	15042411	13485396	13765930	+	#FF00FF	37269139	310462	280534	76460	15081	76460	386922	False
chr18	chr18	15057492	15200268	13766448	13892458	-	#FF00FF	37269139	142776	126010	15081	35954	15081	157857	False
chr18	chr18	15236222	15865556	13920083	14438614	+	#FF00FF	37269139	629334	518531	35954	180937	35954	665288	False
chr18	chr18	16046493	16105622	14560613	14664721	-	#FF00FF	37269139	59129	104108	180937	375	180937	240066	False
chr18	chr18	16105997	16357566	14686151	14959008	+	#FF00FF	37269139	251569	272857	375	59404	375	251944	False
chr18	chr18	16416970	18387925	15032385	16810878	+	#FF00FF	37269139	1970955	1778493	59404	495	59404	2030359	False
chr18	chr18	18388420	18825234	16893136	17322853	+	#FF00FF	37269139	436814	429717	495	82239	495	437309	False
chr18	chr18	18907473	22805482	17322853	21166501	+	#FF00FF	37269139	3898009	3843648	82239	2687	82239	3980248	False
chr18	chr18	22808169	23002744	21177916	21358988	-	#FF00FF	37269139	194575	181072	2687	-24602	2687	197262	False
chr18	chr18	22978142	23944175	21367506	22344607	+	#FF00FF	37269139	966033	977101	-24602	20855	-24602	941431	False
chr18	chr18	23965030	28461674	22398799	26884257	+	#FF00FF	37269139	4496644	4485458	20855	57092	20855	4517499	False
chr18	chr18	28518766	34278642	26884257	32579729	+	#FF00FF	37269139	5759876	5695472	57092	69814	57092	5816968	False
chr18	chr18	34348456	39137524	32579729	36963321	+	#FF00FF	37269139	4789068	4383592	69814		69814	4858882	False
chr2	chr2'	74118	2196247	0	1760827	+	#FC307A	214022600	2122129	1760827		113095			
chr2	chr2'	2309342	2677832	1787819	2115003	+	#FC307A	214022600	368490	327184	113095	32646	113095	481585	False
chr2	chr2'	2710478	2855367	2115505	2261903	-	#FC307A	214022600	144889	146398	32646	6467	32646	177535	False
chr2	chr2'	2861834	3188385	2262167	2539924	+	#FC307A	214022600	326551	277757	6467	61820	6467	333018	False
chr2	chr2'	3250205	3435458	2540420	2710140	+	#FC307A	214022600	185253	169720	61820	56860	61820	247073	False
chr2	chr2'	3492318	7356606	2710436	6412796	+	#FC307A	214022600	3864288	3702360	56860	68912	56860	3921148	False
chr2	chr2'	7425518	12666229	6412809	11655775	+	#FC307A	214022600	5240711	5242966	68912	69018	68912	5309623	False
chr2	chr2'	12735247	16000310	11655775	14936666	+	#FC307A	214022600	3265063	3280891	69018	71488	69018	3334081	False
chr2	chr2'	16071798	45689021	14937123	45035243	+	#FC307A	214022600	29617223	30098120	71488	-72458	71488	29688711	False
chr2	chr2'	45616563	65995209	45022493	65663928	+	#FC307A	214022600	20378646	20641435	-72458	-20289658	-72458	20306188	False
chr2	chr2'	45705551	45793259	44953840	45035243	-	#FC307A	214022600	87708	81403	-20289658	12756359	-20289658	-20201950	True
chr2	chr2'	65995209	82638437	65788404	82635542	+	#FC307A	214022600	16643228	16847138	7388349	144261	7388349	24031577	False
chr2	chr2'	82782698	83034059	82657507	82882463	+	#FC307A	214022600	251361	224956	144261	61495	144261	395622	False
chr2	chr2'	83095554	116444459	82931747	116305370	+	#FC307A	214022600	33348905	33373623	61495	55471	61495	33410400	False
chr2	chr2'	116499930	120897903	116306144	120716585	+	#FC307A	214022600	4397973	4410441	55471	2906	55471	4453444	False
chr2	chr2'	120900809	138834842	120795700	138691394	+	#FC307A	214022600	17934033	17895694	2906	85450	2906	17936939	False
chr2	chr2'	138920292	140582013	138691964	140372965	+	#FC307A	214022600	1661721	1681001	85450	63183	85450	1747171	False
chr2	chr2'	140645196	141948059	140372965	141701650	+	#FC307A	214022600	1302863	1328685	63183	542615	63183	1366046	False
chr2	chr2'	142490674	147314796	141704556	146563690	+	#FC307A	214022600	4824122	4859134	542615	2107	542615	5366737	False
chr2	chr2'	147316903	147532313	146563690	146783983	-	#FC307A	214022600	215410	220293	2107	3514	2107	217517	False
chr2	chr2'	147535827	156642786	146783983	155948212	+	#FC307A	214022600	9106959	9164229	3514	97925	3514	9110473	False
chr2	chr2'	156740711	156896013	156026466	156186098	+	#FC307A	214022600	155302	159632	97925	17029	97925	253227	False
chr2	chr2'	156913042	161171019	156259309	160355547	+	#FC307A	214022600	4257977	4096238	17029	81854	17029	4275006	False
chr2	chr2'	161252873	168276243	160414550	167399043	+	#FC307A	214022600	7023370	6984493	81854	2878	81854	7105224	False
chr2	chr2'	168279121	168355388	167402382	167472319	-	#FC307A	214022600	76267	69937	2878	7116	2878	79145	False
chr2	chr2'	168362504	173426630	167472302	172551172	+	#FC307A	214022600	5064126	5078870	7116	99419	7116	5071242	False
chr2	chr2'	173526049	196506565	172551172	195465144	+	#FC307A	214022600	22980516	22913972	99419	54073	99419	23079935	False
chr2	chr2'	196560638	201263661	195528887	200103887	+	#FC307A	214022600	4703023	4575000	54073	82595	54073	4757096	False
chr2	chr2'	201346256	202344137	200142685	201057568	+	#FC307A	214022600	997881	914883	82595	62252	82595	1080476	False
chr2	chr2'	202406389	204109609	201080105	202677276	+	#FC307A	214022600	1703220	1597171	62252	95766	62252	1765472	False
chr2	chr2'	204205375	204910596	202729073	203421018	+	#FC307A	214022600	705221	691945	95766	142768	95766	800987	False
chr2	chr2'	205053364	205192374	203558113	203674979	+	#FC307A	214022600	139010	116866	142768	35509	142768	281778	False
chr2	chr2'	205227883	205390126	203639651	203760325	+	#FC307A	214022600	162243	120674	35509	282276	35509	197752	False
chr2	chr2'	205672402	205815074	203884124	203996895	+	#FC307A	214022600	142672	112771	282276	-37332	282276	424948	False
chr2	chr2'	205777742	205914378	204052045	204149205	+	#FC307A	214022600	136636	97160	-37332	152273	-37332	99304	False
chr2	chr2'	206066651	206175395	204168271	204248801	+	#FC307A	214022600	108744	80530	152273	-24396	152273	261017	False
chr2	chr2'	206150999	209714973	204376806	207811449	+	#FC307A	214022600	3563974	3434643	-24396	50006	-24396	3539578	False
chr2	chr2'	209764979	209957087	207809068	207969268	+	#FC307A	214022600	192108	160200	50006	-40940	50006	242114	False
chr2	chr2'	209916147	214479867	207972304	212239754	+	#FC307A	214022600	4563720	4267450	-40940	18404	-40940	4522780	False
chr2	chr2'	214498271	216100366	212305047	213755001	+	#FC307A	214022600	1602095	1449954	18404	123939	18404	1620499	False
chr2	chr2'	216224305	216441385	213801995	214021793	+	#FC307A	214022600	217080	219798	123939		123939	341019	False
chr3	chr3'	20248	129870	107	116580	+	#7FFF00	193350152	109622	116473		163031			
chr3	chr3'	292901	454540	201067	338959	+	#7FFF00	193350152	161639	137892	163031	63559	163031	324670	False
chr3	chr3'	518099	1317955	338963	997923	+	#7FFF00	193350152	799856	658960	63559	77804	63559	863415	False
chr3	chr3'	1395759	1933097	998220	1514623	+	#7FFF00	193350152	537338	516403	77804	158994	77804	615142	False
chr3	chr3'	2092091	2181052	1515136	1602082	+	#7FFF00	193350152	88961	86946	158994	115239	158994	247955	False
chr3	chr3'	2296291	2447203	1624890	1762133	+	#7FFF00	193350152	150912	137243	115239	53915	115239	266151	False
chr3	chr3'	2501118	40993011	1762393	40498881	+	#7FFF00	193350152	38491893	38736488	53915	62602	53915	38545808	False
chr3	chr3'	41055613	41140069	40498881	40576351	-	#7FFF00	193350152	84456	77470	62602	6045	62602	147058	False
chr3	chr3'	41146114	62572205	40587232	62227704	+	#7FFF00	193350152	21426091	21640472	6045	496	6045	21432136	False
chr3	chr3'	62572701	62638713	62268858	62340396	-	#7FFF00	193350152	66012	71538	496	51165	496	66508	False
chr3	chr3'	62689878	64984286	62345732	64656925	+	#7FFF00	193350152	2294408	2311193	51165	85455	51165	2345573	False
chr3	chr3'	65069741	74321798	64656925	73940270	+	#7FFF00	193350152	9252057	9283345	85455	3177	85455	9337512	False
chr3	chr3'	74324975	74624127	73940414	74240432	-	#7FFF00	193350152	299152	300018	3177	24132	3177	302329	False
chr3	chr3'	74648259	79175833	74284525	78785368	+	#7FFF00	193350152	4527574	4500843	24132	75700	24132	4551706	False
chr3	chr3'	79251533	81085808	78785368	80526516	+	#7FFF00	193350152	1834275	1741148	75700	217081	75700	1909975	False
chr3	chr3'	81302889	81755481	80526516	80936805	+	#7FFF00	193350152	452592	410289	217081	663	217081	669673	False
chr3	chr3'	81756144	82463806	81169517	81908767	+	#7FFF00	193350152	707662	739250	663	123359	663	708325	False
chr3	chr3'	82587165	82701508	81916488	82034540	+	#7FFF00	193350152	114343	118052	123359	118153	123359	237702	False
chr3	chr3'	82819661	83098745	82034601	82319053	+	#7FFF00	193350152	279084	284452	118153	1427	118153	397237	False
chr3	chr3'	83100172	83230737	82392958	82511410	+	#7FFF00	193350152	130565	118452	1427	34187	1427	131992	False
chr3	chr3'	83264924	120353817	82630217	119821165	+	#7FFF00	193350152	37088893	37190948	34187	83977	34187	37123080	False
chr3	chr3'	120437794	130023421	119821167	129447619	+	#7FFF00	193350152	9585627	9626452	83977	91882	83977	9669604	False
chr3	chr3'	130115303	133054803	129457144	132440096	+	#7FFF00	193350152	2939500	2982952	91882	82449	91882	3031382	False
chr3	chr3'	133137252	134974260	132440209	134324634	+	#7FFF00	193350152	1837008	1884425	82449	60811	82449	1919457	False
chr3	chr3'	135035071	139530798	134324654	138822124	+	#7FFF00	193350152	4495727	4497470	60811	70770	60811	4556538	False
chr3	chr3'	139601568	148032259	138822124	147291304	+	#7FFF00	193350152	8430691	8469180	70770	99404	70770	8501461	False
chr3	chr3'	148131663	150201652	147291826	149279057	+	#7FFF00	193350152	2069989	1987231	99404	58865	99404	2169393	False
chr3	chr3'	150260517	151256349	149279574	150219809	+	#7FFF00	193350152	995832	940235	58865	61996	58865	1054697	False
chr3	chr3'	151318345	153237275	150219809	152080999	+	#7FFF00	193350152	1918930	1861190	61996	58510	61996	1980926	False
chr3	chr3'	153295785	163209973	152080999	161953438	+	#7FFF00	193350152	9914188	9872439	58510	166739	58510	9972698	False
chr3	chr3'	163376712	168824866	161953949	167351614	+	#7FFF00	193350152	5448154	5397665	166739	29662	166739	5614893	False
chr3	chr3'	168854528	170739903	167419542	169297568	+	#7FFF00	193350152	1885375	1878026	29662	45318	29662	1915037	False
chr3	chr3'	170785221	170836622	169302098	169353694	-	#7FFF00	193350152	51401	51596	45318	6082	45318	96719	False
chr3	chr3'	170842704	176777154	169353694	175237921	+	#7FFF00	193350152	5934450	5884227	6082	82631	6082	5940532	False
chr3	chr3'	176859785	195004429	175237924	193350146	+	#7FFF00	193350152	18144644	18112222	82631		82631	18227275	False
chr4	chr4'	626	18296840	1056	18095441	+	#8F5B6C	186753721	18296214	18094385		70757			
chr4	chr4'	18367597	34323298	18095448	34115194	+	#8F5B6C	186753721	15955701	16019746	70757	65151	70757	16026458	False
chr4	chr4'	34388449	42837678	34115196	42595465	+	#8F5B6C	186753721	8449229	8480269	65151	195358	65151	8514380	False
chr4	chr4'	43033036	47904209	42595465	47515972	+	#8F5B6C	186753721	4871173	4920507	195358	107430	195358	5066531	False
chr4	chr4'	48011639	53108268	47515976	52654925	+	#8F5B6C	186753721	5096629	5138949	107430	68687	107430	5204059	False
chr4	chr4'	53176955	63925245	52654929	63434842	+	#8F5B6C	186753721	10748290	10779913	68687	351430	68687	10816977	False
chr4	chr4'	64276675	64376007	63492215	63606279	-	#8F5B6C	186753721	99332	114064	351430	131923	351430	450762	False
chr4	chr4'	64507930	64693694	63622742	63784193	-	#8F5B6C	186753721	185764	161451	131923	12171	131923	317687	False
chr4	chr4'	64705865	69356003	63790351	68490341	+	#8F5B6C	186753721	4650138	4699990	12171	51791	12171	4662309	False
chr4	chr4'	69407794	80588670	68515896	79723703	+	#8F5B6C	186753721	11180876	11207807	51791	86608	51791	11232667	False
chr4	chr4'	80675278	80743613	79779596	79857228	+	#8F5B6C	186753721	68335	77632	86608	71147	86608	154943	False
chr4	chr4'	80814760	80907683	79854532	79943521	-	#8F5B6C	186753721	92923	88989	71147	0	71147	164070	False
chr4	chr4'	80907683	83317973	79947217	82489036	+	#8F5B6C	186753721	2410290	2541819	0	112840	0	2410290	False
chr4	chr4'	83430813	83582808	82550148	82701571	+	#8F5B6C	186753721	151995	151423	112840	82715	112840	264835	False
chr4	chr4'	83665523	87050431	82701574	86023865	+	#8F5B6C	186753721	3384908	3322291	82715	-513	82715	3467623	False
chr4	chr4'	87049918	87112543	86023194	86102641	-	#8F5B6C	186753721	62625	79447	-513	-615	-513	62112	False
chr4	chr4'	87111928	88871261	86102113	87669981	+	#8F5B6C	186753721	1759333	1567868	-615	-343570	-615	1758718	False
chr4	chr4'	88527691	88638368	87273383	87409338	-	#8F5B6C	186753721	110677	135955	-343570	291282	-343570	-232893	True
chr4	chr4'	88929650	89015912	87705720	87791275	+	#8F5B6C	186753721	86262	85555	291282	52174	291282	377544	False
chr4	chr4'	89068086	90770980	87791275	89457670	+	#8F5B6C	186753721	1702894	1666395	52174	1146	52174	1755068	False
chr4	chr4'	90772126	90836526	89457670	89513092	-	#8F5B6C	186753721	64400	55422	1146	37731	1146	65546	False
chr4	chr4'	90874257	95872078	89513078	94468594	+	#8F5B6C	186753721	4997821	4955516	37731	85460	37731	5035552	False
chr4	chr4'	95957538	97675031	94468595	96135201	+	#8F5B6C	186753721	1717493	1666606	85460	88766	85460	1802953	False
chr4	chr4'	97763797	100014130	96135204	98382237	+	#8F5B6C	186753721	2250333	2247033	88766	193529	88766	2339099	False
chr4	chr4'	100207659	116013010	98382237	114512078	+	#8F5B6C	186753721	15805351	16129841	193529	5126	193529	15998880	False
chr4	chr4'	116018136	120672221	114592465	119323008	+	#8F5B6C	186753721	4654085	4730543	5126	105184	5126	4659211	False
chr4	chr4'	120777405	134751124	119323033	133336729	+	#8F5B6C	186753721	13973719	14013696	105184	51436	105184	14078903	False
chr4	chr4'	134802560	154144724	133337809	152351890	+	#8F5B6C	186753721	19342164	19014081	51436	79924	51436	19393600	False
chr4	chr4'	154224648	157479586	152400984	155623367	+	#8F5B6C	186753721	3254938	3222383	79924	58053	79924	3334862	False
chr4	chr4'	157537639	162026927	155623367	160069571	+	#8F5B6C	186753721	4489288	4446204	58053	57870	58053	4547341	False
chr4	chr4'	162084797	175849715	160070531	173443224	+	#8F5B6C	186753721	13764918	13372693	57870	148688	57870	13822788	False
chr4	chr4'	175998403	178740047	173443224	176065275	+	#8F5B6C	186753721	2741644	2622051	148688	99531	148688	2890332	False
chr4	chr4'	178839578	178894306	176065275	176118061	+	#8F5B6C	186753721	54728	52786	99531	62791	99531	154259	False
chr4	chr4'	178957097	179650835	176118061	176771184	+	#8F5B6C	186753721	693738	653123	62791	83344	62791	756529	False
chr4	chr4'	179734179	179812780	176771718	176871481	+	#8F5B6C	186753721	78601	99763	83344	-61456	83344	161945	False
chr4	chr4'	179751324	182323199	176872001	179341863	+	#8F5B6C	186753721	2571875	2469862	-61456	71948	-61456	2510419	False
chr4	chr4'	182395147	183056409	179379448	180009883	+	#8F5B6C	186753721	661262	630435	71948	90519	71948	733210	False
chr4	chr4'	183146928	183566160	180009883	180428107	+	#8F5B6C	186753721	419232	418224	90519	165264	90519	509751	False
chr4	chr4'	183731424	187208086	180462184	183720930	+	#8F5B6C	186753721	3476662	3258746	165264	66885	165264	3641926	False
chr4	chr4'	187274971	187359858	183721417	183785678	-	#8F5B6C	186753721	84887	64261	66885	62216	66885	151772	False
chr4	chr4'	187422074	188986213	183786064	185218629	+	#8F5B6C	186753721	1564139	1432565	62216	80325	62216	1626355	False
chr4	chr4'	189066538	189144573	185218975	185297204	+	#8F5B6C	186753721	78035	78229	80325	54464	80325	158360	False
chr4	chr4'	189199037	189791334	185297745	185794364	+	#8F5B6C	186753721	592297	496619	54464	61950	54464	646761	False
chr4	chr4'	189853284	189928517	185816692	185891673	-	#8F5B6C	186753721	75233	74981	61950	55429	61950	137183	False
chr4	chr4'	189983946	190983150	185891722	186753721	+	#8F5B6C	186753721	999204	861999	55429		55429	1054633	False
chr5	chr5	27678	267647	7695	218642	+	#88E1FE	151921245	239969	210947		102705			
chr5	chr5	370352	656843	220544	441853	+	#88E1FE	151921245	286491	221309	102705	310366	102705	389196	False
chr5	chr5	967209	1155822	585126	755679	+	#88E1FE	151921245	188613	170553	310366	100083	310366	498979	False
chr5	chr5	1255905	1353977	840350	897279	+	#88E1FE	151921245	98072	56929	100083	-52285	100083	198155	False
chr5	chr5	1301692	1573458	906375	1151288	+	#88E1FE	151921245	271766	244913	-52285	171580	-52285	219481	False
chr5	chr5	1745038	2168462	1306067	1737400	+	#88E1FE	151921245	423424	431333	171580	242894	171580	595004	False
chr5	chr5	2411356	2636154	2029256	2189883	-	#88E1FE	151921245	224798	160627	242894	2397	242894	467692	False
chr5	chr5	2638551	2710568	1090716	1147398	-	#88E1FE	151921245	72017	56682	2397	144	2397	74414	False
chr5	chr5	2710712	2768177	1953735	2014101	-	#88E1FE	151921245	57465	60366	144	260887	144	57609	False
chr5	chr5	3029064	3090351	2404693	2474695	+	#88E1FE	151921245	61287	70002	260887	177365	260887	322174	False
chr5	chr5	3267716	3610963	2619357	2972381	+	#88E1FE	151921245	343247	353024	177365	4	177365	520612	False
chr5	chr5	3610967	4126343	2972400	3498979	-	#88E1FE	151921245	515376	526579	4	2	4	515380	False
chr5	chr5	4126345	4528574	3498979	3902245	+	#88E1FE	151921245	402229	403266	2	119042	2	402231	False
chr5	chr5	4647616	5169924	3964456	4466825	+	#88E1FE	151921245	522308	502369	119042	45202	119042	641350	False
chr5	chr5	5215126	5308489	4501820	4588266	-	#88E1FE	151921245	93363	86446	45202	70624	45202	138565	False
chr5	chr5	5379113	5448206	4598057	4659391	+	#88E1FE	151921245	69093	61334	70624	68763	70624	139717	False
chr5	chr5	5516969	5757810	4847289	5056178	+	#88E1FE	151921245	240841	208889	68763	39629	68763	309604	False
chr5	chr5	5797439	5910401	5035798	5137156	-	#88E1FE	151921245	112962	101358	39629	15014	39629	152591	False
chr5	chr5	5925415	5994340	5137156	5198841	+	#88E1FE	151921245	68925	61685	15014	56214	15014	83939	False
chr5	chr5	6050554	6234093	5211678	5352646	+	#88E1FE	151921245	183539	140968	56214	87893	56214	239753	False
chr5	chr5	6321986	6433919	5406006	5528309	+	#88E1FE	151921245	111933	122303	87893	94981	87893	199826	False
chr5	chr5	6528900	7639627	5556041	6636131	+	#88E1FE	151921245	1110727	1080090	94981	52370	94981	1205708	False
chr5	chr5	7691997	18558926	6695572	17557751	+	#88E1FE	151921245	10866929	10862179	52370	73427	52370	10919299	False
chr5	chr5	18632353	21411505	17557751	20345079	+	#88E1FE	151921245	2779152	2787328	73427	81826	73427	2852579	False
chr5	chr5	21493331	22331954	20345095	21161539	+	#88E1FE	151921245	838623	816444	81826	60514	81826	920449	False
chr5	chr5	22392468	34483547	21161595	33267343	+	#88E1FE	151921245	12091079	12105748	60514	185714	60514	12151593	False
chr5	chr5	34669261	38560890	33267343	37216920	+	#88E1FE	151921245	3891629	3949577	185714	71146	185714	4077343	False
chr5	chr5	38632036	46261211	37216920	44962172	+	#88E1FE	151921245	7629175	7745252	71146	0	71146	7700321	False
chr5	chr5	46261211	63081902	45123673	61977685	+	#88E1FE	151921245	16820691	16854012	0	102979	0	16820691	False
chr5	chr5	63184881	63704937	61977685	62489700	+	#88E1FE	151921245	520056	512015	102979	146908	102979	623035	False
chr5	chr5	63851845	73700985	62492394	72415930	+	#88E1FE	151921245	9849140	9923536	146908	1255	146908	9996048	False
chr5	chr5	73702240	73757782	72415933	72470130	-	#88E1FE	151921245	55542	54197	1255	10645	1255	56797	False
chr5	chr5	73768427	76732995	72470132	75408400	+	#88E1FE	151921245	2964568	2938268	10645	100414	10645	2975213	False
chr5	chr5	76833409	76886620	75429832	75483652	+	#88E1FE	151921245	53211	53820	100414	52	100414	153625	False
chr5	chr5	76886672	77059328	75552446	75720330	+	#88E1FE	151921245	172656	167884	52	78023	52	172708	False
chr5	chr5	77137351	78872685	75719026	77360787	+	#88E1FE	151921245	1735334	1641761	78023	52864	78023	1813357	False
chr5	chr5	78925549	102157204	77360787	100556697	+	#88E1FE	151921245	23231655	23195910	52864	67141	52864	23284519	False
chr5	chr6'	89485187	89544742	82224990	82291260	-	#9143FA	145785969	59555	66270		38632			
chr5	chr7	89487710	89553277	66515298	66591605	-	#FFFF00	137436349	65567	76307		-51551			
chr5	chr7	89501726	89557755	86666446	86732116	+	#FFFF00	137436349	56029	65670	-51551		-51551	4478	False
chr5	chr6'	89583374	89645006	52558832	52632968	-	#9143FA	145785969	61632	74136	38632		38632	100264	False
chr5	chr5	102224345	115532205	100556697	113805387	+	#88E1FE	151921245	13307860	13248690	67141	52236	67141	13375001	False
chr5	chr5	115584441	149851155	113805387	147992380	+	#88E1FE	151921245	34266714	34186993	52236	76469	52236	34318950	False
chr5	chr5	149927624	152016325	148033180	150060372	+	#88E1FE	151921245	2088701	2027192	76469	52387	76469	2165170	False
chr5	chr5	152068712	153558101	150060374	151441971	+	#88E1FE	151921245	1489389	1381597	52387	212916	52387	1541776	False
chr5	chr5	153771017	153841725	151475480	151555034	-	#88E1FE	151921245	70708	79554	212916	65653	212916	283624	False
chr5	chr5	153907378	154096806	151599908	151732174	+	#88E1FE	151921245	189428	132266	65653	70799	65653	255081	False
chr5	chr5	154167605	154365279	151732174	151921242	-	#88E1FE	151921245	197674	189068	70799		70799	268473	False
chr6	chr6'	28655	203579	1795	141611	+	#9143FA	145785969	174924	139816		52862			
chr6	chr6'	256441	1718623	144590	1469239	+	#9143FA	145785969	1462182	1324649	52862	91516	52862	1515044	False
chr6	chr6'	1810139	6287343	1469469	5811789	+	#9143FA	145785969	4477204	4342320	91516	81421	91516	4568720	False
chr6	chr6'	6368764	19809326	5811789	19218430	+	#9143FA	145785969	13440562	13406641	81421	-3143654	81421	13521983	False
chr6	chr6'	16665672	16728316	52741876	52832394	+	#9143FA	145785969	62644	90518	-3143654	3136129	-3143654	-3081010	True
chr6	chr6'	19864445	49023086	19218949	48549979	+	#9143FA	145785969	29158641	29331030	3136129	61797	3136129	32294770	False
chr6	chr6'	49084883	56975216	48549979	56517906	+	#9143FA	145785969	7890333	7967927	61797	63444	61797	7952130	False
chr6	chr6'	57038660	62420706	56517906	61942096	+	#9143FA	145785969	5382046	5424190	63444	150875	63444	5445490	False
chr6	chr6'	62571581	66297500	61942096	65664731	+	#9143FA	145785969	3725919	3722635	150875	140147	150875	3876794	False
chr6	chr6'	66437647	82526238	65664731	81884403	+	#9143FA	145785969	16088591	16219672	140147	60016	140147	16228738	False
chr6	chr6'	82586254	85963946	81947126	85338611	+	#9143FA	145785969	3377692	3391485	60016	114501	60016	3437708	False
chr6	chr6'	86078447	88328087	85338611	87490990	+	#9143FA	145785969	2249640	2152379	114501	50508	114501	2364141	False
chr6	chr6'	88378595	89424621	87490991	88519005	+	#9143FA	145785969	1046026	1028014	50508	46679	50508	1096534	False
chr6	chr6'	89471300	89532769	88519005	88577827	-	#9143FA	145785969	61469	58822	46679	8	46679	108148	False
chr6	chr6'	89532777	89882746	88610424	88964358	+	#9143FA	145785969	349969	353934	8	73498	8	349977	False
chr6	chr6'	89956244	111482517	88964358	110818090	+	#9143FA	145785969	21526273	21853732	73498	319653	73498	21599771	False
chr6	chr6'	111802170	112639445	110818095	111647839	+	#9143FA	145785969	837275	829744	319653	127262	319653	1156928	False
chr6	chr6'	112766707	118578574	111647848	117444848	+	#9143FA	145785969	5811867	5797000	127262	-9619	127262	5939129	False
chr6	chr6'	118568955	118641849	117529608	117609094	+	#9143FA	145785969	72894	79486	-9619	-4569	-9619	63275	False
chr6	chr6'	118637280	118863508	117668340	117917572	+	#9143FA	145785969	226228	249232	-4569	152350	-4569	221659	False
chr6	chr6'	119015858	119427870	117946574	118338110	+	#9143FA	145785969	412012	391536	152350	256581	152350	564362	False
chr6	chr6'	119684451	120359403	118514259	119133451	+	#9143FA	145785969	674952	619192	256581	-4343	256581	931533	False
chr6	chr6'	120355060	120419568	119207996	119287316	+	#9143FA	145785969	64508	79320	-4343	45159	-4343	60165	False
chr6	chr6'	120464727	123513199	119234735	122227802	+	#9143FA	145785969	3048472	2993067	45159	69576	45159	3093631	False
chr6	chr6'	123582775	128150111	122228535	126711766	+	#9143FA	145785969	4567336	4483231	69576	78084	69576	4636912	False
chr6	chr6'	128228195	144872756	126711766	143275516	+	#9143FA	145785969	16644561	16563750	78084	50276	78084	16722645	False
chr6	chr6'	144923032	146799190	143276020	145033482	+	#9143FA	145785969	1876158	1757462	50276	157584	50276	1926434	False
chr6	chr6'	146956774	147319800	145069819	145362449	+	#9143FA	145785969	363026	292630	157584	60126	157584	520610	False
chr6	chr6'	147379926	147448050	145384789	145453562	+	#9143FA	145785969	68124	68773	60126	98272	60126	128250	False
chr6	chr6'	147546322	147789116	145569964	145785969	+	#9143FA	145785969	242794	216005	98272		98272	341066	False
chr7	chr9'	251814	343405	131351	205897	+	#4FA101	115920450	91591	74546		81692			
chr7	chr9'	425097	584073	509981	655412	+	#4FA101	115920450	158976	145431	81692	-128136	81692	240668	False
chr7	chr9'	455937	529525	1231754	1283265	-	#4FA101	115920450	73588	51511	-128136	-19067	-128136	-54548	True
chr7	chr9'	510458	684781	376224	617049	+	#4FA101	115920450	174323	240825	-19067	-107642	-19067	155256	False
chr7	chr9'	577139	738214	997534	1139289	+	#4FA101	115920450	161075	141755	-107642	-132840	-107642	53433	False
chr7	chr9'	605374	752154	953617	1054227	+	#4FA101	115920450	146780	100610	-132840	-89568	-132840	13940	False
chr7	chr9'	662586	775780	203101	302701	+	#4FA101	115920450	113194	99600	-89568	-104098	-89568	23626	False
chr7	chr9'	671682	799588	488434	579942	+	#4FA101	115920450	127906	91508	-104098	-116276	-104098	23808	False
chr7	chr9'	683312	799588	885515	994976	+	#4FA101	115920450	116276	109461	-116276	-83801	-116276	0	True
chr7	chr9'	715787	832553	1103812	1189167	-	#4FA101	115920450	116766	85355	-83801	-116469	-83801	32965	False
chr7	chr9'	716084	789602	1168181	1221677	-	#4FA101	115920450	73518	53496	-116469	-17058	-116469	-42951	True
chr7	chr9'	772544	857698	664358	744114	+	#4FA101	115920450	85154	79756	-17058	203185	-17058	68096	False
chr7	chr9'	1060883	5088689	1536392	5279291	+	#4FA101	115920450	4027806	3742899	203185	87017	203185	4230991	False
chr7	chr9'	5175706	12901075	5299306	12702145	+	#4FA101	115920450	7725369	7402839	87017	73014	87017	7812386	False
chr7	chr9'	12974089	13920834	12751339	13695391	+	#4FA101	115920450	946745	944052	73014	87886	73014	1019759	False
chr7	chr9'	14008720	36916766	13695412	36405534	+	#4FA101	115920450	22908046	22710122	87886	56984	87886	22995932	False
chr7	chr9'	36973750	47981815	36405534	47303763	+	#4FA101	115920450	11008065	10898229	56984	53016	56984	11065049	False
chr7	chr9'	48034831	59711185	47303763	59221605	+	#4FA101	115920450	11676354	11917842	53016	73844	53016	11729370	False
chr7	chr9'	59785029	67001205	59224986	66503426	+	#4FA101	115920450	7216176	7278440	73844	213818	73844	7290020	False
chr7	chr9'	67215023	69169422	66503426	68495000	+	#4FA101	115920450	1954399	1991574	213818	1101	213818	2168217	False
chr7	chr9'	69170523	69250629	68495000	68582695	-	#4FA101	115920450	80106	87695	1101	80680	1101	81207	False
chr7	chr9'	69331309	71047384	68582695	70335559	+	#4FA101	115920450	1716075	1752864	80680	74165	80680	1796755	False
chr7	chr9'	71121549	73708417	70335559	72942635	+	#4FA101	115920450	2586868	2607076	74165	56313	74165	2661033	False
chr7	chr9'	73764730	75999433	72974151	75232946	+	#4FA101	115920450	2234703	2258795	56313	87630	56313	2291016	False
chr7	chr9'	76087063	76203100	75232947	75341302	+	#4FA101	115920450	116037	108355	87630	74095	87630	203667	False
chr7	chr9'	76277195	82227420	75341302	81328905	+	#4FA101	115920450	5950225	5987603	74095	63557	74095	6024320	False
chr7	chr9'	82290977	88497344	81328909	87401513	+	#4FA101	115920450	6206367	6072604	63557	104024	63557	6269924	False
chr7	chr9'	88601368	93043326	87401513	91924588	+	#4FA101	115920450	4441958	4523075	104024	63924	104024	4545982	False
chr7	chr9'	93107250	94159634	91920961	93075048	+	#4FA101	115920450	1052384	1154087	63924	50475	63924	1116308	False
chr7	chr9'	94210109	94750390	93094019	93662184	+	#4FA101	115920450	540281	568165	50475	53022	50475	590756	False
chr7	chr9'	94803412	94922234	93670282	93782358	+	#4FA101	115920450	118822	112076	53022	180119	53022	171844	False
chr7	chr9'	95102353	95685896	93936495	94553536	+	#4FA101	115920450	583543	617041	180119	0	180119	763662	False
chr7	chr9'	95685896	110443564	94645923	109456780	+	#4FA101	115920450	14757668	14810857	0	135222	0	14757668	False
chr7	chr9'	110578786	110848710	109456781	109708477	+	#4FA101	115920450	269924	251696	135222	80880	135222	405146	False
chr7	chr9'	110929590	117215143	109708477	115902206	+	#4FA101	115920450	6285553	6193729	80880		80880	6366433	False
chr7	chr19'	117232409	121084656	4390	3878848	+	#643D02	26249478	3852247	3874458		775			
chr7	chr19'	121085431	121209340	3892810	4036176	-	#643D02	26249478	123909	143366	775	117	775	124684	False
chr7	chr19'	121209457	137259008	4036664	19812053	+	#643D02	26249478	16049551	15775389	117	63493	117	16049668	False
chr7	chr19'	137322501	143699153	19812575	25982021	+	#643D02	26249478	6376652	6169446	63493	55329	63493	6440145	False
chr7	chr19'	143754482	144064294	25982021	26248020	+	#643D02	26249478	309812	265999	55329		55329	365141	False
chr8	chr8	48304	102635	0	60114	+	#00FF7F	135435256	54331	60114		12298			
chr8	chr8	114933	843520	112633	688163	+	#00FF7F	135435256	728587	575530	12298	176575	12298	740885	False
chr8	chr8	1020095	1847993	728999	1442996	+	#00FF7F	135435256	827898	713997	176575	66201	176575	1004473	False
chr8	chr8	1914194	3557901	1443003	2924625	+	#00FF7F	135435256	1643707	1481622	66201	56181	66201	1709908	False
chr8	chr8	3614082	3756352	2924625	3072803	+	#00FF7F	135435256	142270	148178	56181	55699	56181	198451	False
chr8	chr8	3812051	12317991	3073316	11158615	+	#00FF7F	135435256	8505940	8085299	55699	215941	55699	8561639	False
chr8	chr8	12533932	12764285	11159153	11380901	-	#00FF7F	135435256	230353	221748	215941	160231	215941	446294	False
chr8	chr8	12924516	18878610	11452448	17293845	+	#00FF7F	135435256	5954094	5841397	160231	59703	160231	6114325	False
chr8	chr8	18938313	21505644	17293845	19847675	+	#00FF7F	135435256	2567331	2553830	59703	80775	59703	2627034	False
chr8	chr8	21586419	27966735	19847684	26211244	+	#00FF7F	135435256	6380316	6363560	80775	54022	80775	6461091	False
chr8	chr8	28020757	30514519	26259326	28716651	+	#00FF7F	135435256	2493762	2457325	54022	60865	54022	2547784	False
chr8	chr8	30575384	33371839	28716651	31509979	+	#00FF7F	135435256	2796455	2793328	60865	60945	60865	2857320	False
chr8	chr8	33432784	43517523	31509979	41610918	+	#00FF7F	135435256	10084739	10100939	60945	63641	60945	10145684	False
chr8	chr8	43581164	47965972	41610918	46020171	+	#00FF7F	135435256	4384808	4409253	63641	-3162659	63641	4448449	False
chr8	chr8	44803313	44872644	42706107	42778990	+	#00FF7F	135435256	69331	72883	-3162659	3093333	-3162659	-3093328	True
chr8	chr8	47965977	48027951	46020171	46088217	-	#00FF7F	135435256	61974	68046	3093333	75	3093333	3155307	False
chr8	chr8	48028026	48821697	46088297	46876449	+	#00FF7F	135435256	793671	788152	75	126265	75	793746	False
chr8	chr8	48947962	49034137	46912031	46974190	+	#00FF7F	135435256	86175	62159	126265	18857	126265	212440	False
chr8	chr8	49052994	49139323	47928563	48009779	-	#00FF7F	135435256	86329	81216	18857	-35981	18857	105186	False
chr8	chr8	49103342	49155843	46979586	47082410	+	#00FF7F	135435256	52501	102824	-35981	154750	-35981	16520	False
chr8	chr8	49310593	50012477	47118034	47870665	+	#00FF7F	135435256	701884	752631	154750	49772	154750	856634	False
chr8	chr8	50062249	58599779	48481267	56988762	+	#00FF7F	135435256	8537530	8507495	49772	70665	49772	8587302	False
chr8	chr8	58670444	59654250	56988762	57933344	+	#00FF7F	135435256	983806	944582	70665	-46399	70665	1054471	False
chr8	chr8	59607851	61939726	57937057	60188415	+	#00FF7F	135435256	2331875	2251358	-46399	77772	-46399	2285476	False
chr8	chr8	62017498	65806758	60188415	63876655	+	#00FF7F	135435256	3789260	3688240	77772	140685	77772	3867032	False
chr8	chr8	65947443	84130931	64053817	82469053	+	#00FF7F	135435256	18183488	18415236	140685	69079	140685	18324173	False
chr8	chr8	84200010	86636800	82469053	84868313	+	#00FF7F	135435256	2436790	2399260	69079	86963	69079	2505869	False
chr8	chr8	86723763	87895529	84868313	86040816	+	#00FF7F	135435256	1171766	1172503	86963	77819	86963	1258729	False
chr8	chr8	87973348	100450741	86041101	98383843	+	#00FF7F	135435256	12477393	12342742	77819	200817	77819	12555212	False
chr8	chr8	100651558	100942349	98529905	98849657	+	#00FF7F	135435256	290791	319752	200817	-75090	200817	491608	False
chr8	chr8	100867259	116838903	98870964	114842089	+	#00FF7F	135435256	15971644	15971125	-75090	100187	-75090	15896554	False
chr8	chr8	116939090	126755262	114862580	124559317	+	#00FF7F	135435256	9816172	9696737	100187	60086	100187	9916359	False
chr8	chr8	126815348	128280071	124559317	125997515	+	#00FF7F	135435256	1464723	1438198	60086	76592	60086	1524809	False
chr8	chr8	128356663	132173662	125997515	129722095	+	#00FF7F	135435256	3816999	3724580	76592	57382	76592	3893591	False
chr8	chr8	132231044	136624274	129722605	134092438	+	#00FF7F	135435256	4393230	4369833	57382	58837	57382	4450612	False
chr8	chr8	136683111	138176428	134092730	135435256	+	#00FF7F	135435256	1493317	1342526	58837		58837	1552154	False
chr9	chr7	0	10601304	67436	10463503	+	#FFFF00	137436349	10601304	10396067		27118			
chr9	chr7	10628422	12407736	10556594	12339781	+	#FFFF00	137436349	1779314	1783187	27118	63496	27118	1806432	False
chr9	chr7	12471232	25689980	12393371	25677074	+	#FFFF00	137436349	13218748	13283703	63496	79978	63496	13282244	False
chr9	chr7	25769958	26185429	25677115	26073744	+	#FFFF00	137436349	415471	396629	79978	91276	79978	495449	False
chr9	chr7	26276705	33306800	26114363	33139569	+	#FFFF00	137436349	7030095	7025206	91276	68365	91276	7121371	False
chr9	chr7	33375165	42247345	33139573	42051643	+	#FFFF00	137436349	8872180	8912070	68365	75081	68365	8940545	False
chr9	chr7	42322426	42533054	42266521	42454276	+	#FFFF00	137436349	210628	187755	75081	111199	75081	285709	False
chr9	chr7	42644253	49281175	42454290	49134021	+	#FFFF00	137436349	6636922	6679731	111199	145585	111199	6748121	False
chr9	chr7	49426760	49491484	49154472	49270079	+	#FFFF00	137436349	64724	115607	145585	-43172	145585	210309	False
chr9	chr7	49448312	49570274	49283885	49406551	+	#FFFF00	137436349	121962	122666	-43172	406606	-43172	78790	False
chr9	chr7	49976880	50889550	49566196	50413151	+	#FFFF00	137436349	912670	846955	406606	86968	406606	1319276	False
chr9	chr7	50976518	51359722	50413152	50787320	+	#FFFF00	137436349	383204	374168	86968	68402	86968	470172	False
chr9	chr7	51428124	52440681	50787320	51795599	+	#FFFF00	137436349	1012557	1008279	68402	82463	68402	1080959	False
chr9	chr7	52523144	64389175	51795599	63683569	+	#FFFF00	137436349	11866031	11887970	82463	99102	82463	11948494	False
chr9	chr7	64488277	67293552	63683578	66621342	+	#FFFF00	137436349	2805275	2937764	99102	90520	99102	2904377	False
chr9	chr7	67384072	67468973	66714041	66787398	+	#FFFF00	137436349	84901	73357	90520	-15413	90520	175421	False
chr9	chr7	67453560	69088414	66804797	68446412	+	#FFFF00	137436349	1634854	1641615	-15413	97545	-15413	1619441	False
chr9	chr7	69185959	72763823	68446412	72055143	+	#FFFF00	137436349	3577864	3608731	97545	74343	97545	3675409	False
chr9	chr7	72838166	85216253	72055143	84371844	+	#FFFF00	137436349	12378087	12316701	74343	-8886776	74343	12452430	False
chr9	chr7	76329477	76444514	75398478	75485717	-	#FFFF00	137436349	115037	87239	-8886776	8875763	-8886776	-8771739	True
chr9	chr7	85320277	85568176	84372357	84679615	+	#FFFF00	137436349	247899	307258	8875763	21628	8875763	9123662	False
chr9	chr7	85589804	85646621	84615729	84666797	-	#FFFF00	137436349	56817	51068	21628	-21737	21628	78445	False
chr9	chr7	85624884	85859236	84667214	84859081	+	#FFFF00	137436349	234352	191867	-21737	117780	-21737	212615	False
chr9	chr7	85977016	87028608	84875258	85990665	+	#FFFF00	137436349	1051592	1115407	117780	-60065	117780	1169372	False
chr9	chr7	86968543	87053628	85993687	86054487	-	#FFFF00	137436349	85085	60800	-60065	35325	-60065	25020	False
chr9	chr7	87088953	88045573	86067419	87050458	+	#FFFF00	137436349	956620	983039	35325	74839	35325	991945	False
chr9	chr7	88120412	96838833	87050459	95703273	+	#FFFF00	137436349	8718421	8652814	74839	75587	74839	8793260	False
chr9	chr7	96914420	122881489	95703273	121696177	+	#FFFF00	137436349	25967069	25992904	75587	66898	75587	26042656	False
chr9	chr7	122948387	130722932	121696181	129286989	+	#FFFF00	137436349	7774545	7590808	66898	113243	66898	7841443	False
chr9	chr7	130836175	132316323	129287002	130691861	+	#FFFF00	137436349	1480148	1404859	113243	38407	113243	1593391	False
chr9	chr7	132354730	132498641	130692389	130814438	-	#FFFF00	137436349	143911	122049	38407	35700	38407	182318	False
chr9	chr7	132534341	132840122	130814922	131118571	+	#FFFF00	137436349	305781	303649	35700	63418	35700	341481	False
chr9	chr7	132903540	139582537	131119082	137435642	+	#FFFF00	137436349	6678997	6316560	63418		63418	6742415	False
chrX	chrX	0	1103138	2999	1127643	+	#00FF00	122731335	1103138	1124644		34289			
chrX	chrX	1137427	1221669	1127643	1210750	-	#00FF00	122731335	84242	83107	34289	33952	34289	118531	False
chrX	chrX	1255621	2137602	1216744	1983041	+	#00FF00	122731335	881981	766297	33952	77595	33952	915933	False
chrX	chrX	2215197	2369180	1992075	2140773	+	#00FF00	122731335	153983	148698	77595	71174	77595	231578	False
chrX	chrX	2440354	3111010	2144526	2816882	+	#00FF00	122731335	670656	672356	71174	75563	71174	741830	False
chrX	chrX	3186573	4735963	2879982	4412132	+	#00FF00	122731335	1549390	1532150	75563	554	75563	1624953	False
chrX	chrX	4736517	4881061	4412170	4536108	-	#00FF00	122731335	144544	123938	554	-36433	554	145098	False
chrX	chrX	4844628	8198510	4536072	7924580	+	#00FF00	122731335	3353882	3388508	-36433	77708	-36433	3317449	False
chrX	chrX	8276218	15867893	7958354	15462924	+	#00FF00	122731335	7591675	7504570	77708	129154	77708	7669383	False
chrX	chrX	15997047	21891916	15522700	21546305	+	#00FF00	122731335	5894869	6023605	129154	90011	129154	6024023	False
chrX	chrX	21981927	22128936	21565324	21701092	-	#00FF00	122731335	147009	135768	90011	58610	90011	237020	False
chrX	chrX	22187546	22318078	21745677	21874432	+	#00FF00	122731335	130532	128755	58610	52834	58610	189142	False
chrX	chrX	22370912	22758015	21893090	22221798	+	#00FF00	122731335	387103	328708	52834	10015	52834	439937	False
chrX	chrX	22768030	24264599	22315845	23785075	+	#00FF00	122731335	1496569	1469230	10015	71031	10015	1506584	False
chrX	chrX	24335630	24889267	23845107	24370583	+	#00FF00	122731335	553637	525476	71031	52532	71031	624668	False
chrX	chrX	24941799	27670487	24409587	27190134	+	#00FF00	122731335	2728688	2780547	52532	56160	52532	2781220	False
chrX	chrX	27726647	32976605	27240796	32501592	+	#00FF00	122731335	5249958	5260796	56160	211619	56160	5306118	False
chrX	chrX	33188224	38589382	32572278	37941530	+	#00FF00	122731335	5401158	5369252	211619	-3074	211619	5612777	False
chrX	chrX	38586308	44125729	37963251	43507653	+	#00FF00	122731335	5539421	5544402	-3074	61148	-3074	5536347	False
chrX	chrX	44186877	44311301	43515754	43630254	+	#00FF00	122731335	124424	114500	61148	16477	61148	185572	False
chrX	chrX	44327778	44819068	43691278	44167095	+	#00FF00	122731335	491290	475817	16477	120409	16477	507767	False
chrX	chrX	44939477	45671414	44283428	44980273	+	#00FF00	122731335	731937	696845	120409	52846	120409	852346	False
chrX	chrX	45724260	49406950	44980660	48651891	+	#00FF00	122731335	3682690	3671231	52846	-2116	52846	3735536	False
chrX	chrX	49404834	49595634	48675188	48915918	+	#00FF00	122731335	190800	240730	-2116	50830	-2116	188684	False
chrX	chrX	49646464	50192534	48925682	49512730	+	#00FF00	122731335	546070	587048	50830	3494	50830	596900	False
chrX	chrX	50196028	53093469	49591278	52545102	+	#00FF00	122731335	2897441	2953824	3494	0	3494	2900935	False
chrX	chrX	53093469	54294432	52636667	53871088	+	#00FF00	122731335	1200963	1234421	0	950	0	1200963	False
chrX	chrX	54295382	54375072	53871088	53959182	-	#00FF00	122731335	79690	88094	950	45205	950	80640	False
chrX	chrX	54420277	57108570	53959182	56674698	+	#00FF00	122731335	2688293	2715516	45205	68408	45205	2733498	False
chrX	chrX	57176978	58437936	56707466	58001937	+	#00FF00	122731335	1260958	1294471	68408	0	68408	1329366	False
chrX	chrX	58437936	60278866	58098170	59968510	+	#00FF00	122731335	1840930	1870340	0	0	0	1840930	False
chrX	chrX	60278866	60342744	59968702	60039518	-	#00FF00	122731335	63878	70816	0	0	0	63878	False
chrX	chrX	60342744	66022481	60039531	65910652	+	#00FF00	122731335	5679737	5871121	0	29539	0	5679737	False
chrX	chrX	66052020	67116264	65963830	67004777	+	#00FF00	122731335	1064244	1040947	29539	79083	29539	1093783	False
chrX	chrX	67195347	71154933	67064545	71003360	+	#00FF00	122731335	3959586	3938815	79083	1395	79083	4038669	False
chrX	chrX	71156328	72178859	71062983	71990432	+	#00FF00	122731335	1022531	927449	1395	64424	1395	1023926	False
chrX	chrX	72243283	74274276	72011052	74069590	+	#00FF00	122731335	2030993	2058538	64424	1560	64424	2095417	False
chrX	chrX	74275836	74878595	74119637	74670921	+	#00FF00	122731335	602759	551284	1560	0	1560	604319	False
chrX	chrX	74878595	74945254	74733249	74817944	+	#00FF00	122731335	66659	84695	0	102145	0	66659	False
chrX	chrX	75047399	75266474	74948713	75162534	+	#00FF00	122731335	219075	213821	102145	103144	102145	321220	False
chrX	chrX	75369618	75514561	75176577	75321853	-	#00FF00	122731335	144943	145276	103144	18133	103144	248087	False
chrX	chrX	75532694	75703965	75349650	75513242	+	#00FF00	122731335	171271	163592	18133	84156	18133	189404	False
chrX	chrX	75788121	76809477	75525616	76531688	+	#00FF00	122731335	1021356	1006072	84156	52883	84156	1105512	False
chrX	chrX	76862360	77230932	76570203	76922035	+	#00FF00	122731335	368572	351832	52883	77413	52883	421455	False
chrX	chrX	77308345	77451168	76922035	77065535	+	#00FF00	122731335	142823	143500	77413	94559	77413	220236	False
chrX	chrX	77545727	78512807	77065535	77967813	+	#00FF00	122731335	967080	902278	94559	90418	94559	1061639	False
chrX	chrX	78603225	79253986	78030832	78688100	+	#00FF00	122731335	650761	657268	90418	53109	90418	741179	False
chrX	chrX	79307095	79413997	78819758	78922276	+	#00FF00	122731335	106902	102518	53109	1160	53109	160011	False
chrX	chrX	79415157	79513236	78958159	79051467	-	#00FF00	122731335	98079	93308	1160	34373	1160	99239	False
chrX	chrX	79547609	80052915	79121017	79620519	+	#00FF00	122731335	505306	499502	34373	91597	34373	539679	False
chrX	chrX	80144512	83624885	79641040	83117146	+	#00FF00	122731335	3480373	3476106	91597	0	91597	3571970	False
chrX	chrX	83624885	101425654	83285628	100999068	+	#00FF00	122731335	17800769	17713440	0	80472	0	17800769	False
chrX	chrX	101506126	117005980	100999137	116505679	+	#00FF00	122731335	15499854	15506542	80472	52235	80472	15580326	False
chrX	chrX	117058215	123547600	116506274	122731335	+	#00FF00	122731335	6489385	6225061	52235		52235	6541620	False
